Deal_ID,Rep_ID,Segment,Region,Product,Stage,ACV,Quota,Coverage_Pct,Age_Days,Close_Date,Quarter,Is_AI_Deal,Deal_Source
OPP-00001,AE-048,SMB,AMER - East,Sales Cloud,Prospect,21000.0,100200.0,21.0,174,2025-03-31,Q4 FY25,Yes,Outbound
OPP-00002,AE-042,Mid-Market,LATAM,AI Agents,Discovery,140300.0,513700.0,27.3,140,2026-03-06,Q4 FY25,No,Outbound
OPP-00003,AE-049,Mid-Market,AMER - East,Marketing Cloud,Negotiation,101000.0,418100.0,24.2,27,2025-04-05,Q3 FY25,No,Partner
OPP-00004,AE-006,Enterprise,EMEA,Data Cloud,Closed Won,637800.0,3018100.0,21.1,76,2026-01-06,Q2 FY25,No,Outbound
OPP-00005,AE-025,Mid-Market,AMER - West,Marketing Cloud,Negotiation,197800.0,689900.0,28.7,117,2026-01-09,Q4 FY25,No,Partner
OPP-00006,AE-030,SMB,AMER - East,Platform,Proposal,16800.0,84900.0,19.8,70,2025-08-13,Q4 FY25,No,Outbound
OPP-00007,AE-005,Mid-Market,AMER - Central,Service Cloud,Closed Won,170800.0,621300.0,27.5,146,2025-11-19,Q3 FY26,No,Marketing
OPP-00008,AE-038,Mid-Market,LATAM,Platform,Discovery,87000.0,355500.0,24.5,150,2026-02-13,Q1 FY26,No,Inbound
OPP-00009,AE-041,Strategic,AMER - East,Service Cloud,Prospect,903700.0,4328000.0,20.9,175,2026-03-09,Q2 FY25,No,Renewal
OPP-00010,AE-047,Strategic,LATAM,Sales Cloud,Proposal,2936400.0,15579900.0,18.8,175,2025-10-01,Q1 FY25,No,Partner
OPP-00011,AE-049,Strategic,APAC,Service Cloud,Prospect,807100.0,4529100.0,17.8,130,2025-04-19,Q1 FY26,No,Renewal
OPP-00012,AE-021,Mid-Market,APAC,Platform,Prospect,164400.0,951400.0,17.3,5,2025-04-25,Q1 FY25,No,Partner
OPP-00013,AE-047,Mid-Market,AMER - West,Platform,Prospect,181700.0,962600.0,18.9,18,2026-06-30,Q2 FY25,Yes,Marketing
OPP-00014,AE-060,Mid-Market,AMER - East,Data Cloud,Discovery,180900.0,929600.0,19.5,177,2025-07-25,Q3 FY26,No,Partner
OPP-00015,AE-005,Strategic,AMER - East,Marketing Cloud,Closed Won,1793300.0,8545600.0,21.0,6,2025-08-24,Q4 FY25,Yes,Outbound
OPP-00016,AE-033,Mid-Market,AMER - West,Service Cloud,Prospect,54700.0,199300.0,27.5,72,2026-05-13,Q2 FY26,Yes,Renewal
OPP-00017,AE-007,Strategic,AMER - East,Sales Cloud,Discovery,1840500.0,7477800.0,24.6,169,2026-03-18,Q3 FY26,No,Outbound
OPP-00018,AE-013,SMB,AMER - East,Service Cloud,Prospect,39100.0,133700.0,29.2,138,2026-04-05,Q2 FY25,Yes,Marketing
OPP-00019,AE-042,Mid-Market,AMER - West,Data Cloud,Closed Won,61300.0,354300.0,17.3,4,2025-04-06,Q2 FY25,No,Inbound
OPP-00020,AE-011,Strategic,AMER - West,Platform,Solution,1270200.0,4821200.0,26.3,1,2026-02-04,Q3 FY26,No,Marketing
OPP-00021,AE-013,Enterprise,AMER - East,Marketing Cloud,Solution,774400.0,3668800.0,21.1,56,2025-03-01,Q4 FY26,No,Partner
OPP-00022,AE-033,SMB,AMER - West,Sales Cloud,Prospect,29100.0,139200.0,20.9,48,2025-03-12,Q3 FY25,No,Inbound
OPP-00023,AE-039,Strategic,APAC,Sales Cloud,Prospect,2758600.0,11745200.0,23.5,159,2025-03-25,Q4 FY25,No,Renewal
OPP-00024,AE-017,Enterprise,AMER - East,Platform,Closed Lost,322600.0,1410300.0,22.9,34,2025-11-04,Q2 FY26,No,Outbound
OPP-00025,AE-035,SMB,AMER - West,Service Cloud,Solution,49900.0,169500.0,29.4,130,2025-09-29,Q2 FY25,No,Outbound
OPP-00026,AE-052,Mid-Market,APAC,AI Agents,Solution,73700.0,368800.0,20.0,136,2025-01-09,Q1 FY26,No,Outbound
OPP-00027,AE-019,Mid-Market,AMER - Central,Data Cloud,Discovery,183500.0,662600.0,27.7,54,2025-12-18,Q3 FY25,No,Partner
OPP-00028,AE-041,Strategic,AMER - West,Platform,Discovery,2797900.0,8423500.0,33.2,71,2025-02-15,Q1 FY25,No,Partner
OPP-00029,AE-001,Mid-Market,APAC,Sales Cloud,Negotiation,132800.0,615800.0,21.6,20,2025-06-02,Q3 FY26,No,Renewal
OPP-00030,AE-058,Mid-Market,AMER - West,Marketing Cloud,Solution,56300.0,281500.0,20.0,54,2025-09-13,Q2 FY26,No,Renewal
OPP-00031,AE-052,Strategic,AMER - East,Service Cloud,Closed Lost,2448900.0,8664400.0,28.3,106,2025-01-26,Q4 FY25,No,Marketing
OPP-00032,AE-056,Mid-Market,EMEA,Sales Cloud,Discovery,168100.0,604900.0,27.8,121,2025-08-16,Q2 FY25,No,Partner
OPP-00033,AE-043,Enterprise,AMER - West,Service Cloud,Closed Won,722800.0,2772500.0,26.1,103,2025-12-03,Q4 FY25,Yes,Partner
OPP-00034,AE-008,Enterprise,AMER - West,Marketing Cloud,Proposal,439800.0,1369900.0,32.1,46,2025-09-29,Q2 FY26,No,Partner
OPP-00035,AE-058,Enterprise,EMEA,Data Cloud,Solution,790500.0,2476800.0,31.9,49,2025-09-18,Q2 FY25,No,Renewal
OPP-00036,AE-021,Mid-Market,APAC,AI Agents,Solution,60500.0,273500.0,22.1,32,2025-11-04,Q2 FY26,No,Partner
OPP-00037,AE-043,Strategic,EMEA,Platform,Negotiation,2019700.0,9788600.0,20.6,174,2025-06-28,Q4 FY25,No,Renewal
OPP-00038,AE-029,SMB,EMEA,Platform,Discovery,18400.0,83400.0,22.1,173,2025-08-07,Q2 FY26,No,Inbound
OPP-00039,AE-053,SMB,AMER - West,Service Cloud,Discovery,36600.0,134500.0,27.2,173,2025-11-14,Q2 FY26,Yes,Outbound
OPP-00040,AE-027,SMB,EMEA,AI Agents,Discovery,29000.0,149500.0,19.4,148,2025-07-19,Q2 FY25,No,Marketing
OPP-00041,AE-015,Mid-Market,EMEA,Service Cloud,Prospect,153100.0,672700.0,22.8,179,2026-06-15,Q2 FY25,No,Outbound
OPP-00042,AE-040,Strategic,EMEA,AI Agents,Prospect,1822200.0,10007000.0,18.2,130,2026-03-13,Q2 FY26,No,Inbound
OPP-00043,AE-032,Strategic,APAC,AI Agents,Solution,2453900.0,10599900.0,23.2,62,2025-10-09,Q1 FY26,No,Inbound
OPP-00044,AE-010,Enterprise,AMER - East,Service Cloud,Solution,735800.0,3766700.0,19.5,99,2025-06-06,Q2 FY25,Yes,Marketing
OPP-00045,AE-025,Enterprise,EMEA,Data Cloud,Proposal,449500.0,2503800.0,18.0,179,2025-01-21,Q4 FY25,No,Marketing
OPP-00046,AE-035,Strategic,EMEA,AI Agents,Prospect,1573900.0,7027000.0,22.4,140,2025-08-14,Q3 FY26,Yes,Marketing
OPP-00047,AE-011,SMB,LATAM,Platform,Solution,36800.0,113400.0,32.5,33,2026-07-01,Q3 FY26,No,Renewal
OPP-00048,AE-004,SMB,AMER - East,Marketing Cloud,Prospect,27100.0,98500.0,27.5,98,2025-12-02,Q4 FY26,No,Marketing
OPP-00049,AE-031,Enterprise,AMER - West,Sales Cloud,Negotiation,699200.0,4195000.0,16.7,139,2025-02-23,Q1 FY26,No,Outbound
OPP-00050,AE-040,SMB,AMER - West,Service Cloud,Negotiation,48000.0,212200.0,22.6,62,2025-05-10,Q4 FY25,Yes,Inbound
OPP-00051,AE-039,Strategic,APAC,AI Agents,Negotiation,2487200.0,14660000.0,17.0,30,2025-06-17,Q3 FY25,Yes,Outbound
OPP-00052,AE-046,Enterprise,EMEA,Service Cloud,Proposal,744800.0,2462100.0,30.3,20,2025-09-06,Q3 FY26,No,Renewal
OPP-00053,AE-035,SMB,AMER - Central,Platform,Negotiation,32600.0,104500.0,31.2,170,2026-01-15,Q1 FY25,No,Outbound
OPP-00054,AE-058,Strategic,LATAM,Platform,Closed Won,1032200.0,3642000.0,28.3,40,2026-03-22,Q2 FY26,No,Partner
OPP-00055,AE-055,Strategic,AMER - Central,Service Cloud,Solution,2616600.0,14770400.0,17.7,23,2025-10-13,Q1 FY26,Yes,Marketing
OPP-00056,AE-032,Strategic,AMER - East,Service Cloud,Solution,1887500.0,7589700.0,24.9,91,2025-09-22,Q2 FY26,No,Partner
OPP-00057,AE-027,SMB,LATAM,Platform,Proposal,17600.0,89300.0,19.7,143,2025-09-04,Q4 FY25,No,Marketing
OPP-00058,AE-045,Strategic,EMEA,Service Cloud,Negotiation,1004700.0,4440600.0,22.6,79,2026-01-13,Q4 FY25,No,Marketing
OPP-00059,AE-015,Enterprise,AMER - Central,Sales Cloud,Solution,472200.0,1586000.0,29.8,50,2025-11-20,Q1 FY26,No,Inbound
OPP-00060,AE-054,Mid-Market,AMER - West,Service Cloud,Discovery,122600.0,500500.0,24.5,76,2025-08-21,Q1 FY26,No,Renewal
OPP-00061,AE-009,Mid-Market,LATAM,AI Agents,Discovery,196100.0,1101700.0,17.8,126,2025-04-16,Q1 FY26,No,Marketing
OPP-00062,AE-056,Strategic,AMER - Central,Platform,Solution,1205600.0,5066100.0,23.8,30,2025-03-08,Q1 FY25,Yes,Outbound
OPP-00063,AE-016,Mid-Market,AMER - West,Sales Cloud,Prospect,134400.0,647700.0,20.8,143,2026-03-03,Q1 FY26,No,Inbound
OPP-00064,AE-037,Strategic,AMER - Central,Data Cloud,Solution,1774000.0,10365100.0,17.1,16,2025-04-12,Q3 FY26,Yes,Inbound
OPP-00065,AE-005,Enterprise,APAC,Service Cloud,Proposal,294200.0,1280200.0,23.0,1,2026-02-23,Q3 FY25,No,Partner
OPP-00066,AE-044,SMB,AMER - West,Service Cloud,Discovery,38300.0,163700.0,23.4,68,2025-07-22,Q4 FY26,No,Inbound
OPP-00067,AE-039,Enterprise,AMER - Central,AI Agents,Closed Won,242800.0,1048300.0,23.2,146,2025-10-23,Q3 FY25,No,Partner
OPP-00068,AE-006,Strategic,EMEA,Data Cloud,Closed Lost,1901000.0,9892000.0,19.2,11,2026-03-19,Q4 FY26,No,Outbound
OPP-00069,AE-053,SMB,LATAM,Marketing Cloud,Discovery,37000.0,195700.0,18.9,148,2025-02-11,Q1 FY25,Yes,Renewal
OPP-00070,AE-053,Strategic,LATAM,Platform,Closed Won,1199300.0,4849800.0,24.7,24,2026-04-27,Q3 FY26,No,Outbound
OPP-00071,AE-026,Mid-Market,LATAM,Data Cloud,Discovery,154100.0,503000.0,30.6,10,2026-04-11,Q1 FY26,Yes,Outbound
OPP-00072,AE-056,Strategic,LATAM,Data Cloud,Closed Won,2614800.0,8269600.0,31.6,119,2026-02-28,Q1 FY25,No,Renewal
OPP-00073,AE-036,Strategic,AMER - Central,Service Cloud,Proposal,2472000.0,13948400.0,17.7,74,2026-03-25,Q4 FY25,No,Outbound
OPP-00074,AE-027,Mid-Market,APAC,Sales Cloud,Negotiation,96600.0,423500.0,22.8,58,2025-04-27,Q1 FY25,Yes,Inbound
OPP-00075,AE-054,Strategic,EMEA,Platform,Closed Lost,1442100.0,6302500.0,22.9,121,2025-09-07,Q1 FY26,Yes,Inbound
OPP-00076,AE-060,Mid-Market,AMER - Central,Data Cloud,Closed Won,91400.0,351800.0,26.0,69,2025-01-03,Q3 FY26,No,Renewal
OPP-00077,AE-022,Strategic,AMER - Central,Data Cloud,Closed Won,1782400.0,7782000.0,22.9,140,2026-01-22,Q4 FY26,No,Inbound
OPP-00078,AE-021,Mid-Market,AMER - West,AI Agents,Proposal,85000.0,353500.0,24.0,122,2026-01-26,Q3 FY26,No,Inbound
OPP-00079,AE-056,Strategic,AMER - West,Platform,Closed Lost,1077700.0,6176600.0,17.4,26,2026-06-23,Q2 FY26,Yes,Inbound
OPP-00080,AE-051,Strategic,EMEA,Marketing Cloud,Closed Won,2933900.0,14521400.0,20.2,87,2026-02-12,Q2 FY25,No,Renewal
OPP-00081,AE-003,Strategic,APAC,Data Cloud,Closed Lost,2179000.0,10662900.0,20.4,18,2025-08-29,Q4 FY26,No,Inbound
OPP-00082,AE-011,SMB,EMEA,AI Agents,Solution,13900.0,43600.0,31.9,77,2025-01-30,Q2 FY25,No,Partner
OPP-00083,AE-044,Enterprise,APAC,Service Cloud,Solution,287300.0,930000.0,30.9,44,2025-06-29,Q3 FY26,No,Renewal
OPP-00084,AE-041,Mid-Market,EMEA,Marketing Cloud,Solution,137500.0,687600.0,20.0,118,2025-09-19,Q4 FY25,No,Marketing
OPP-00085,AE-038,Enterprise,AMER - Central,Marketing Cloud,Proposal,294800.0,1494900.0,19.7,164,2026-03-11,Q4 FY26,No,Partner
OPP-00086,AE-025,Mid-Market,AMER - East,Data Cloud,Closed Lost,178000.0,1064100.0,16.7,92,2025-10-30,Q2 FY25,No,Marketing
OPP-00087,AE-048,Enterprise,APAC,Platform,Prospect,719000.0,3466400.0,20.7,74,2025-08-24,Q1 FY25,No,Inbound
OPP-00088,AE-007,Enterprise,LATAM,AI Agents,Proposal,632600.0,2484100.0,25.5,166,2025-02-10,Q3 FY25,No,Renewal
OPP-00089,AE-048,Enterprise,AMER - Central,Platform,Negotiation,254100.0,863000.0,29.4,45,2025-07-25,Q1 FY26,No,Partner
OPP-00090,AE-048,Enterprise,AMER - Central,Marketing Cloud,Closed Won,354200.0,2085800.0,17.0,30,2026-04-25,Q4 FY26,Yes,Inbound
OPP-00091,AE-051,Strategic,AMER - West,Platform,Closed Lost,2570100.0,11847400.0,21.7,4,2025-09-28,Q2 FY26,No,Partner
OPP-00092,AE-015,Strategic,LATAM,Platform,Closed Won,2868600.0,16482300.0,17.4,7,2025-12-02,Q2 FY25,Yes,Outbound
OPP-00093,AE-009,Strategic,AMER - West,Sales Cloud,Closed Won,1464800.0,8770900.0,16.7,10,2025-11-08,Q3 FY26,Yes,Inbound
OPP-00094,AE-048,Mid-Market,APAC,AI Agents,Solution,105700.0,524800.0,20.1,40,2026-03-01,Q3 FY26,No,Renewal
OPP-00095,AE-029,Strategic,AMER - East,Platform,Closed Lost,1415400.0,4668100.0,30.3,61,2026-01-07,Q2 FY26,No,Renewal
OPP-00096,AE-006,Enterprise,EMEA,AI Agents,Prospect,365500.0,1152000.0,31.7,55,2025-01-22,Q2 FY25,No,Inbound
OPP-00097,AE-014,Mid-Market,APAC,Service Cloud,Prospect,164800.0,884300.0,18.6,85,2025-06-01,Q4 FY25,No,Partner
OPP-00098,AE-043,Mid-Market,AMER - West,Sales Cloud,Closed Lost,131000.0,533800.0,24.5,34,2025-01-16,Q3 FY25,No,Renewal
OPP-00099,AE-027,Enterprise,LATAM,Data Cloud,Prospect,359200.0,1590800.0,22.6,30,2025-03-07,Q3 FY25,No,Renewal
OPP-00100,AE-051,SMB,LATAM,AI Agents,Solution,18900.0,82700.0,22.9,134,2025-11-05,Q1 FY25,No,Outbound
OPP-00101,AE-046,Strategic,EMEA,Platform,Closed Won,1737800.0,6892700.0,25.2,19,2025-03-24,Q2 FY25,Yes,Inbound
OPP-00102,AE-039,Enterprise,EMEA,Data Cloud,Proposal,551200.0,2489600.0,22.1,76,2026-04-10,Q2 FY26,No,Outbound
OPP-00103,AE-053,Mid-Market,AMER - Central,Platform,Solution,183200.0,950600.0,19.3,103,2026-03-02,Q3 FY26,No,Partner
OPP-00104,AE-006,Enterprise,AMER - West,Sales Cloud,Solution,291600.0,959300.0,30.4,24,2026-03-19,Q4 FY26,No,Inbound
OPP-00105,AE-008,SMB,LATAM,Platform,Proposal,32500.0,182100.0,17.8,91,2026-03-10,Q2 FY26,No,Partner
OPP-00106,AE-043,Enterprise,AMER - East,Platform,Solution,546800.0,2214700.0,24.7,58,2025-04-21,Q4 FY25,No,Outbound
OPP-00107,AE-060,Enterprise,APAC,AI Agents,Proposal,684300.0,2112300.0,32.4,178,2025-10-01,Q1 FY25,Yes,Partner
OPP-00108,AE-043,Enterprise,APAC,Platform,Solution,308800.0,1612800.0,19.1,18,2025-05-26,Q3 FY25,No,Outbound
OPP-00109,AE-020,Mid-Market,AMER - Central,AI Agents,Solution,118000.0,666700.0,17.7,84,2025-03-28,Q3 FY25,Yes,Renewal
OPP-00110,AE-039,SMB,EMEA,Platform,Proposal,20900.0,76200.0,27.4,107,2025-10-07,Q3 FY26,No,Partner
OPP-00111,AE-043,Strategic,APAC,Marketing Cloud,Prospect,2292100.0,9594200.0,23.9,12,2025-08-14,Q4 FY26,No,Outbound
OPP-00112,AE-019,Mid-Market,AMER - Central,Marketing Cloud,Discovery,81700.0,367000.0,22.3,31,2025-01-08,Q3 FY25,No,Inbound
OPP-00113,AE-026,Strategic,AMER - West,AI Agents,Proposal,1306200.0,3992000.0,32.7,11,2026-03-23,Q2 FY26,No,Partner
OPP-00114,AE-008,Strategic,AMER - Central,Platform,Proposal,2360900.0,8300000.0,28.4,6,2025-11-29,Q3 FY26,No,Marketing
OPP-00115,AE-038,Enterprise,EMEA,Platform,Prospect,706700.0,2959200.0,23.9,135,2025-03-22,Q4 FY25,No,Partner
OPP-00116,AE-033,Mid-Market,APAC,Service Cloud,Solution,75200.0,389700.0,19.3,90,2025-12-26,Q2 FY25,No,Inbound
OPP-00117,AE-010,Mid-Market,APAC,AI Agents,Prospect,88400.0,517500.0,17.1,20,2025-07-01,Q3 FY25,No,Marketing
OPP-00118,AE-021,Strategic,LATAM,Service Cloud,Negotiation,2740500.0,12076700.0,22.7,113,2025-03-11,Q2 FY26,No,Partner
OPP-00119,AE-003,SMB,EMEA,Sales Cloud,Solution,13000.0,42000.0,31.0,95,2025-10-21,Q4 FY26,No,Outbound
OPP-00120,AE-059,Strategic,EMEA,Data Cloud,Solution,2019500.0,8006500.0,25.2,167,2025-07-12,Q1 FY25,No,Inbound
OPP-00121,AE-006,SMB,LATAM,Data Cloud,Solution,42400.0,132200.0,32.1,166,2025-06-26,Q2 FY26,No,Marketing
OPP-00122,AE-050,Mid-Market,EMEA,Marketing Cloud,Solution,187700.0,1007500.0,18.6,174,2025-02-23,Q3 FY26,No,Outbound
OPP-00123,AE-047,Enterprise,AMER - Central,AI Agents,Prospect,607000.0,2428100.0,25.0,155,2025-06-03,Q1 FY26,No,Inbound
OPP-00124,AE-039,Enterprise,AMER - East,AI Agents,Discovery,593600.0,2776100.0,21.4,22,2025-11-14,Q3 FY26,No,Partner
OPP-00125,AE-043,Mid-Market,LATAM,Platform,Proposal,174300.0,532400.0,32.7,131,2026-01-06,Q2 FY25,No,Inbound
OPP-00126,AE-010,Enterprise,AMER - East,Sales Cloud,Closed Lost,491800.0,2224400.0,22.1,76,2025-04-14,Q4 FY25,No,Renewal
OPP-00127,AE-025,SMB,APAC,Service Cloud,Proposal,45100.0,247800.0,18.2,42,2025-07-05,Q3 FY25,No,Inbound
OPP-00128,AE-040,Strategic,EMEA,Marketing Cloud,Prospect,1601500.0,7370200.0,21.7,115,2025-08-28,Q4 FY25,No,Marketing
OPP-00129,AE-050,Mid-Market,EMEA,Marketing Cloud,Solution,192100.0,880300.0,21.8,98,2026-05-30,Q4 FY26,No,Inbound
OPP-00130,AE-036,Mid-Market,AMER - Central,Sales Cloud,Closed Won,57800.0,222800.0,25.9,133,2025-05-08,Q4 FY26,No,Partner
OPP-00131,AE-059,Strategic,AMER - West,Service Cloud,Closed Won,1124200.0,6510700.0,17.3,116,2025-12-24,Q3 FY26,No,Marketing
OPP-00132,AE-002,Enterprise,AMER - East,Marketing Cloud,Discovery,796700.0,4281600.0,18.6,26,2025-12-10,Q2 FY26,Yes,Partner
OPP-00133,AE-040,Strategic,EMEA,Sales Cloud,Negotiation,1105300.0,4164500.0,26.5,21,2025-01-20,Q4 FY26,No,Renewal
OPP-00134,AE-004,Strategic,AMER - West,Service Cloud,Prospect,1433800.0,4571600.0,31.4,108,2026-04-14,Q1 FY26,No,Marketing
OPP-00135,AE-028,SMB,AMER - Central,Sales Cloud,Proposal,33000.0,122800.0,26.9,158,2025-12-28,Q3 FY25,No,Outbound
OPP-00136,AE-056,Enterprise,EMEA,Platform,Prospect,515600.0,3064300.0,16.8,12,2026-02-01,Q1 FY25,Yes,Outbound
OPP-00137,AE-048,Enterprise,APAC,Marketing Cloud,Negotiation,406900.0,1650800.0,24.6,35,2025-02-15,Q2 FY25,No,Inbound
OPP-00138,AE-005,Strategic,AMER - East,AI Agents,Closed Lost,1852800.0,7189500.0,25.8,118,2025-02-07,Q3 FY25,Yes,Inbound
OPP-00139,AE-031,SMB,APAC,Marketing Cloud,Discovery,22400.0,86400.0,25.9,10,2025-07-15,Q3 FY26,No,Outbound
OPP-00140,AE-048,Enterprise,EMEA,Platform,Discovery,679600.0,4024000.0,16.9,99,2025-12-14,Q3 FY26,No,Marketing
OPP-00141,AE-028,Enterprise,LATAM,Sales Cloud,Closed Lost,511600.0,2372000.0,21.6,111,2025-07-04,Q2 FY25,No,Outbound
OPP-00142,AE-045,Enterprise,AMER - East,Platform,Proposal,383900.0,1200500.0,32.0,90,2026-04-03,Q3 FY26,No,Partner
OPP-00143,AE-043,Strategic,AMER - West,AI Agents,Discovery,2956100.0,13418500.0,22.0,104,2026-01-08,Q1 FY25,No,Inbound
OPP-00144,AE-009,SMB,AMER - West,Sales Cloud,Prospect,34300.0,140200.0,24.5,61,2026-01-11,Q4 FY26,No,Outbound
OPP-00145,AE-049,Mid-Market,EMEA,Sales Cloud,Proposal,192300.0,882300.0,21.8,147,2025-05-21,Q2 FY26,No,Partner
OPP-00146,AE-034,Mid-Market,EMEA,Platform,Closed Lost,53900.0,204000.0,26.4,144,2025-05-01,Q3 FY25,Yes,Marketing
OPP-00147,AE-008,Mid-Market,AMER - East,Service Cloud,Closed Lost,92800.0,326500.0,28.4,19,2026-04-08,Q4 FY26,No,Outbound
OPP-00148,AE-055,Enterprise,AMER - Central,Service Cloud,Proposal,625700.0,3366900.0,18.6,180,2025-06-28,Q1 FY26,No,Outbound
OPP-00149,AE-024,Mid-Market,AMER - West,Data Cloud,Negotiation,85500.0,376400.0,22.7,147,2026-01-13,Q4 FY26,No,Inbound
OPP-00150,AE-027,SMB,APAC,Platform,Prospect,25900.0,87400.0,29.6,148,2025-03-17,Q4 FY26,No,Outbound
OPP-00151,AE-041,Strategic,APAC,Data Cloud,Solution,1938200.0,8330100.0,23.3,47,2025-05-13,Q3 FY25,No,Outbound
OPP-00152,AE-060,SMB,AMER - Central,AI Agents,Proposal,22200.0,129700.0,17.1,58,2025-12-21,Q3 FY25,No,Partner
OPP-00153,AE-041,SMB,AMER - East,Marketing Cloud,Discovery,35400.0,116100.0,30.5,158,2026-07-01,Q1 FY26,No,Renewal
OPP-00154,AE-003,Mid-Market,APAC,Sales Cloud,Prospect,143700.0,840000.0,17.1,21,2025-02-16,Q2 FY26,No,Partner
OPP-00155,AE-057,Mid-Market,EMEA,AI Agents,Negotiation,112500.0,554100.0,20.3,140,2025-10-24,Q1 FY25,No,Inbound
OPP-00156,AE-029,Strategic,AMER - East,Platform,Discovery,960500.0,3469400.0,27.7,124,2026-04-21,Q1 FY25,No,Partner
OPP-00157,AE-049,Enterprise,AMER - East,Marketing Cloud,Negotiation,716500.0,2835400.0,25.3,132,2025-04-19,Q3 FY26,No,Partner
OPP-00158,AE-056,Strategic,EMEA,Data Cloud,Discovery,1013000.0,5964600.0,17.0,108,2025-09-12,Q1 FY26,No,Partner
OPP-00159,AE-057,Enterprise,EMEA,Marketing Cloud,Discovery,295600.0,966700.0,30.6,128,2025-01-24,Q4 FY26,No,Marketing
OPP-00160,AE-032,Mid-Market,AMER - Central,Data Cloud,Discovery,102900.0,396900.0,25.9,168,2026-04-27,Q1 FY25,Yes,Outbound
OPP-00161,AE-024,Strategic,EMEA,Sales Cloud,Prospect,1381800.0,6509400.0,21.2,103,2025-02-22,Q2 FY26,Yes,Renewal
OPP-00162,AE-044,Enterprise,APAC,Data Cloud,Prospect,502600.0,2978000.0,16.9,31,2025-05-12,Q1 FY26,No,Partner
OPP-00163,AE-003,Enterprise,APAC,Sales Cloud,Negotiation,319400.0,1642000.0,19.5,10,2025-05-21,Q3 FY26,No,Renewal
OPP-00164,AE-060,Strategic,AMER - Central,Data Cloud,Prospect,2764900.0,11554100.0,23.9,82,2025-06-16,Q3 FY25,No,Partner
OPP-00165,AE-037,Enterprise,LATAM,Marketing Cloud,Proposal,505800.0,2076300.0,24.4,122,2025-01-18,Q4 FY26,No,Marketing
OPP-00166,AE-031,Enterprise,APAC,Marketing Cloud,Negotiation,635200.0,3280300.0,19.4,168,2025-08-22,Q1 FY25,No,Inbound
OPP-00167,AE-045,Strategic,APAC,Sales Cloud,Prospect,2297600.0,9932800.0,23.1,49,2025-01-20,Q1 FY25,No,Marketing
OPP-00168,AE-047,Mid-Market,LATAM,Sales Cloud,Solution,166200.0,602000.0,27.6,36,2026-06-16,Q4 FY26,No,Marketing
OPP-00169,AE-023,Strategic,APAC,AI Agents,Discovery,1181000.0,5704500.0,20.7,175,2025-09-28,Q2 FY26,Yes,Inbound
OPP-00170,AE-046,Enterprise,AMER - Central,Service Cloud,Proposal,334900.0,1323200.0,25.3,177,2026-05-16,Q1 FY26,No,Partner
OPP-00171,AE-053,Enterprise,EMEA,Marketing Cloud,Prospect,606000.0,1894500.0,32.0,38,2025-10-25,Q3 FY26,No,Outbound
OPP-00172,AE-013,Enterprise,AMER - East,Data Cloud,Closed Lost,593600.0,2025300.0,29.3,70,2025-10-06,Q4 FY26,No,Renewal
OPP-00173,AE-015,Mid-Market,LATAM,Sales Cloud,Discovery,150500.0,600600.0,25.1,26,2026-02-28,Q4 FY25,No,Inbound
OPP-00174,AE-042,SMB,EMEA,Platform,Closed Lost,49100.0,258600.0,19.0,123,2025-07-24,Q3 FY25,No,Partner
OPP-00175,AE-048,SMB,APAC,AI Agents,Closed Won,13600.0,57800.0,23.5,10,2025-06-29,Q4 FY25,No,Outbound
OPP-00176,AE-001,Strategic,AMER - West,Marketing Cloud,Negotiation,1209900.0,6999700.0,17.3,146,2025-04-20,Q1 FY26,No,Marketing
OPP-00177,AE-013,Strategic,AMER - Central,Sales Cloud,Closed Won,1095200.0,5687800.0,19.3,85,2025-06-16,Q4 FY26,No,Inbound
OPP-00178,AE-040,SMB,AMER - East,AI Agents,Negotiation,41600.0,189100.0,22.0,104,2026-03-14,Q4 FY25,Yes,Outbound
OPP-00179,AE-017,Mid-Market,AMER - West,Platform,Closed Lost,121600.0,639800.0,19.0,61,2026-04-03,Q4 FY25,No,Partner
OPP-00180,AE-043,SMB,AMER - West,Sales Cloud,Discovery,24400.0,84900.0,28.7,120,2025-11-11,Q4 FY25,No,Partner
OPP-00181,AE-015,SMB,APAC,Service Cloud,Proposal,47600.0,164700.0,28.9,35,2026-05-05,Q2 FY26,No,Renewal
OPP-00182,AE-052,Enterprise,APAC,AI Agents,Solution,529500.0,2669200.0,19.8,56,2025-09-11,Q4 FY26,No,Outbound
OPP-00183,AE-054,Strategic,AMER - West,Data Cloud,Proposal,1595900.0,7529600.0,21.2,130,2025-07-27,Q2 FY25,Yes,Partner
OPP-00184,AE-058,Strategic,AMER - West,Data Cloud,Prospect,1251900.0,5458700.0,22.9,115,2025-02-26,Q4 FY26,No,Marketing
OPP-00185,AE-002,SMB,LATAM,Platform,Proposal,36900.0,193300.0,19.1,66,2025-01-04,Q1 FY26,No,Outbound
OPP-00186,AE-060,Strategic,AMER - West,Platform,Solution,940300.0,3974300.0,23.7,9,2025-10-21,Q1 FY25,No,Marketing
OPP-00187,AE-006,Enterprise,EMEA,AI Agents,Closed Lost,429500.0,2130600.0,20.2,170,2025-05-17,Q3 FY26,No,Inbound
OPP-00188,AE-049,Strategic,AMER - West,Sales Cloud,Proposal,2401300.0,12055700.0,19.9,77,2026-04-20,Q4 FY25,No,Renewal
OPP-00189,AE-018,Strategic,AMER - East,Service Cloud,Closed Won,1344500.0,7298500.0,18.4,29,2025-02-02,Q2 FY26,No,Outbound
OPP-00190,AE-039,Mid-Market,EMEA,AI Agents,Discovery,65100.0,339900.0,19.2,13,2025-09-08,Q1 FY25,No,Inbound
OPP-00191,AE-019,Mid-Market,APAC,Service Cloud,Negotiation,166400.0,787500.0,21.1,148,2025-11-23,Q3 FY25,No,Partner
OPP-00192,AE-020,Mid-Market,EMEA,Marketing Cloud,Discovery,71500.0,348800.0,20.5,16,2025-06-29,Q4 FY25,No,Marketing
OPP-00193,AE-021,SMB,APAC,AI Agents,Closed Lost,47700.0,164500.0,29.0,107,2026-02-23,Q3 FY26,No,Renewal
OPP-00194,AE-059,Strategic,EMEA,Sales Cloud,Discovery,1295800.0,7649600.0,16.9,144,2026-02-27,Q3 FY25,No,Inbound
OPP-00195,AE-055,Strategic,EMEA,Marketing Cloud,Discovery,1247300.0,6453200.0,19.3,24,2026-07-03,Q2 FY25,Yes,Partner
OPP-00196,AE-052,Strategic,AMER - East,Data Cloud,Proposal,2126400.0,9437400.0,22.5,172,2025-08-11,Q2 FY25,No,Partner
OPP-00197,AE-008,Enterprise,LATAM,AI Agents,Closed Lost,209200.0,1064200.0,19.7,123,2025-09-06,Q4 FY25,No,Marketing
OPP-00198,AE-035,Mid-Market,EMEA,AI Agents,Proposal,166300.0,629400.0,26.4,92,2025-11-12,Q3 FY26,No,Marketing
OPP-00199,AE-059,Strategic,AMER - Central,Service Cloud,Prospect,2958900.0,12551000.0,23.6,95,2025-11-17,Q4 FY26,No,Inbound
OPP-00200,AE-010,Mid-Market,AMER - Central,Service Cloud,Prospect,133000.0,550600.0,24.2,85,2025-08-24,Q3 FY26,No,Marketing
OPP-00201,AE-011,Enterprise,EMEA,AI Agents,Discovery,693000.0,2370000.0,29.2,91,2025-06-23,Q4 FY26,No,Inbound
OPP-00202,AE-004,SMB,LATAM,Sales Cloud,Proposal,43600.0,241000.0,18.1,106,2025-05-21,Q2 FY25,Yes,Inbound
OPP-00203,AE-041,SMB,APAC,AI Agents,Discovery,28200.0,140400.0,20.1,158,2026-05-10,Q1 FY25,Yes,Renewal
OPP-00204,AE-019,Strategic,APAC,Sales Cloud,Prospect,1964700.0,10645700.0,18.5,129,2026-03-17,Q1 FY26,No,Outbound
OPP-00205,AE-018,SMB,AMER - Central,Platform,Proposal,19600.0,115200.0,17.0,21,2026-01-18,Q1 FY26,No,Inbound
OPP-00206,AE-055,Mid-Market,LATAM,AI Agents,Discovery,174200.0,734400.0,23.7,9,2025-04-06,Q2 FY25,No,Marketing
OPP-00207,AE-055,SMB,EMEA,Platform,Proposal,38100.0,179000.0,21.3,166,2025-12-06,Q2 FY25,No,Outbound
OPP-00208,AE-003,SMB,AMER - Central,Sales Cloud,Discovery,46100.0,262700.0,17.6,176,2025-10-15,Q4 FY26,No,Outbound
OPP-00209,AE-010,Mid-Market,APAC,AI Agents,Closed Lost,97200.0,378900.0,25.7,102,2025-03-20,Q4 FY25,No,Renewal
OPP-00210,AE-009,Strategic,LATAM,AI Agents,Proposal,1989200.0,10416200.0,19.1,21,2026-05-28,Q3 FY26,No,Outbound
OPP-00211,AE-002,Strategic,AMER - Central,AI Agents,Discovery,967200.0,4325100.0,22.4,70,2026-04-07,Q3 FY26,No,Marketing
OPP-00212,AE-050,Strategic,AMER - West,Data Cloud,Discovery,2088900.0,10735500.0,19.5,76,2025-09-10,Q3 FY26,Yes,Inbound
OPP-00213,AE-024,Strategic,AMER - Central,Sales Cloud,Negotiation,2194600.0,12792100.0,17.2,24,2025-01-06,Q3 FY26,No,Partner
OPP-00214,AE-036,SMB,APAC,Data Cloud,Prospect,17500.0,53900.0,32.5,105,2025-04-16,Q4 FY26,No,Outbound
OPP-00215,AE-050,Enterprise,EMEA,Sales Cloud,Closed Won,207400.0,978100.0,21.2,144,2025-09-06,Q3 FY26,Yes,Marketing
OPP-00216,AE-005,Mid-Market,AMER - East,Service Cloud,Prospect,95200.0,405900.0,23.5,112,2025-10-10,Q4 FY26,No,Outbound
OPP-00217,AE-040,Enterprise,APAC,Service Cloud,Discovery,348000.0,1185500.0,29.4,118,2025-04-20,Q4 FY26,Yes,Marketing
OPP-00218,AE-022,Enterprise,EMEA,Platform,Closed Won,427900.0,1669400.0,25.6,167,2025-05-20,Q2 FY26,No,Inbound
OPP-00219,AE-048,Strategic,AMER - Central,AI Agents,Discovery,2922100.0,17250000.0,16.9,163,2026-05-18,Q2 FY26,No,Partner
OPP-00220,AE-060,Strategic,AMER - West,Data Cloud,Discovery,2528900.0,12758600.0,19.8,52,2025-07-04,Q2 FY26,No,Marketing
OPP-00221,AE-044,Mid-Market,EMEA,Platform,Solution,93700.0,349100.0,26.8,36,2025-11-07,Q2 FY25,No,Marketing
OPP-00222,AE-026,Strategic,APAC,Data Cloud,Prospect,2979500.0,13797900.0,21.6,130,2026-03-05,Q4 FY26,No,Partner
OPP-00223,AE-042,SMB,AMER - East,Data Cloud,Prospect,19900.0,117400.0,16.9,12,2026-02-14,Q2 FY26,No,Marketing
OPP-00224,AE-024,SMB,EMEA,Platform,Prospect,20300.0,70100.0,29.0,119,2026-05-28,Q4 FY25,No,Marketing
OPP-00225,AE-054,SMB,AMER - West,AI Agents,Discovery,46800.0,184200.0,25.4,37,2025-12-23,Q2 FY25,No,Inbound
OPP-00226,AE-005,Strategic,AMER - Central,Marketing Cloud,Solution,1014800.0,3113200.0,32.6,12,2025-04-28,Q4 FY26,No,Outbound
OPP-00227,AE-011,Mid-Market,APAC,Marketing Cloud,Closed Lost,161100.0,946500.0,17.0,144,2026-03-13,Q3 FY25,Yes,Marketing
OPP-00228,AE-048,Mid-Market,AMER - West,Data Cloud,Discovery,148600.0,709800.0,20.9,51,2026-04-06,Q3 FY26,No,Inbound
OPP-00229,AE-007,Mid-Market,APAC,Data Cloud,Discovery,155600.0,619000.0,25.1,48,2026-01-10,Q2 FY25,No,Partner
OPP-00230,AE-026,Strategic,APAC,Data Cloud,Proposal,2206000.0,8947400.0,24.7,30,2025-12-23,Q3 FY26,No,Inbound
OPP-00231,AE-008,Enterprise,AMER - Central,Service Cloud,Closed Won,554100.0,1966600.0,28.2,79,2025-04-30,Q3 FY25,No,Renewal
OPP-00232,AE-012,Strategic,EMEA,Platform,Solution,1103300.0,5146600.0,21.4,163,2025-06-27,Q3 FY26,No,Inbound
OPP-00233,AE-001,Mid-Market,AMER - Central,Platform,Discovery,117700.0,641000.0,18.4,35,2025-07-19,Q1 FY25,No,Renewal
OPP-00234,AE-011,Strategic,EMEA,Sales Cloud,Solution,1881800.0,10138500.0,18.6,145,2025-02-01,Q4 FY26,Yes,Outbound
OPP-00235,AE-048,Enterprise,APAC,Platform,Discovery,373200.0,1246400.0,29.9,141,2026-06-08,Q4 FY26,Yes,Renewal
OPP-00236,AE-014,Enterprise,APAC,Platform,Proposal,654100.0,2546500.0,25.7,27,2025-09-11,Q4 FY26,No,Marketing
OPP-00237,AE-050,Enterprise,AMER - West,Service Cloud,Solution,690000.0,3852400.0,17.9,54,2025-12-26,Q4 FY26,No,Marketing
OPP-00238,AE-037,Mid-Market,AMER - West,Marketing Cloud,Proposal,167700.0,803400.0,20.9,137,2025-10-15,Q4 FY25,Yes,Partner
OPP-00239,AE-049,Enterprise,AMER - East,Platform,Proposal,771400.0,4320700.0,17.9,16,2025-10-11,Q2 FY25,Yes,Inbound
OPP-00240,AE-026,Mid-Market,LATAM,Platform,Prospect,98300.0,480000.0,20.5,37,2025-10-03,Q4 FY25,No,Outbound
OPP-00241,AE-032,SMB,EMEA,Marketing Cloud,Solution,40000.0,224300.0,17.8,149,2025-01-03,Q2 FY26,No,Outbound
OPP-00242,AE-026,Strategic,APAC,Service Cloud,Proposal,2334000.0,10466000.0,22.3,110,2025-08-05,Q2 FY25,No,Partner
OPP-00243,AE-058,Enterprise,AMER - Central,AI Agents,Proposal,278400.0,918400.0,30.3,13,2025-02-17,Q4 FY26,No,Marketing
OPP-00244,AE-001,SMB,EMEA,Platform,Prospect,44300.0,250100.0,17.7,52,2025-05-16,Q4 FY26,No,Partner
OPP-00245,AE-058,SMB,LATAM,AI Agents,Proposal,20000.0,83800.0,23.9,43,2025-02-23,Q2 FY26,No,Inbound
OPP-00246,AE-031,Strategic,AMER - East,Sales Cloud,Proposal,2348100.0,10703400.0,21.9,34,2025-08-20,Q1 FY25,No,Outbound
OPP-00247,AE-009,Enterprise,LATAM,Platform,Closed Won,792900.0,3289900.0,24.1,19,2025-08-23,Q3 FY26,No,Outbound
OPP-00248,AE-050,SMB,EMEA,Service Cloud,Discovery,45200.0,144900.0,31.2,165,2025-05-27,Q3 FY25,No,Renewal
OPP-00249,AE-040,Mid-Market,EMEA,AI Agents,Solution,158400.0,516400.0,30.7,114,2025-08-11,Q3 FY25,Yes,Outbound
OPP-00250,AE-018,Strategic,AMER - East,AI Agents,Solution,1744700.0,8130600.0,21.5,22,2025-09-12,Q3 FY25,No,Renewal
OPP-00251,AE-034,Enterprise,AMER - East,Data Cloud,Negotiation,614300.0,3221100.0,19.1,131,2025-07-13,Q1 FY26,No,Outbound
OPP-00252,AE-039,Mid-Market,LATAM,Sales Cloud,Solution,66900.0,398800.0,16.8,136,2025-01-13,Q4 FY26,No,Inbound
OPP-00253,AE-044,Strategic,APAC,Service Cloud,Closed Won,2050400.0,6253900.0,32.8,121,2025-03-16,Q2 FY26,Yes,Partner
OPP-00254,AE-019,Mid-Market,APAC,AI Agents,Prospect,59100.0,252400.0,23.4,129,2026-03-02,Q3 FY26,No,Renewal
OPP-00255,AE-035,Mid-Market,AMER - East,Marketing Cloud,Discovery,96500.0,379300.0,25.4,101,2025-03-09,Q4 FY25,No,Inbound
OPP-00256,AE-040,SMB,EMEA,Data Cloud,Discovery,47000.0,234900.0,20.0,15,2025-11-13,Q2 FY25,No,Inbound
OPP-00257,AE-032,SMB,AMER - East,Marketing Cloud,Prospect,15500.0,82900.0,18.7,134,2026-06-14,Q1 FY25,No,Inbound
OPP-00258,AE-057,Enterprise,LATAM,Sales Cloud,Prospect,668700.0,3625200.0,18.4,8,2025-12-10,Q1 FY26,Yes,Outbound
OPP-00259,AE-030,Enterprise,EMEA,Data Cloud,Negotiation,546000.0,2456400.0,22.2,93,2025-02-26,Q2 FY25,No,Partner
OPP-00260,AE-048,Mid-Market,AMER - East,Data Cloud,Discovery,65400.0,364700.0,17.9,1,2025-02-15,Q2 FY25,Yes,Outbound
OPP-00261,AE-036,Strategic,AMER - West,AI Agents,Solution,2824500.0,10375900.0,27.2,168,2026-03-06,Q3 FY25,Yes,Partner
OPP-00262,AE-044,Enterprise,APAC,Sales Cloud,Closed Won,542900.0,2938700.0,18.5,46,2025-08-17,Q2 FY25,No,Marketing
OPP-00263,AE-006,SMB,AMER - Central,Data Cloud,Closed Won,44600.0,183200.0,24.4,117,2025-01-09,Q1 FY26,No,Partner
OPP-00264,AE-047,Mid-Market,AMER - East,Data Cloud,Solution,138800.0,419100.0,33.1,63,2025-06-04,Q4 FY26,No,Inbound
OPP-00265,AE-001,Enterprise,AMER - Central,AI Agents,Proposal,616100.0,2040400.0,30.2,97,2025-11-11,Q1 FY25,No,Inbound
OPP-00266,AE-018,Strategic,LATAM,Sales Cloud,Solution,931800.0,5303700.0,17.6,12,2025-08-26,Q3 FY25,No,Partner
OPP-00267,AE-009,Strategic,APAC,AI Agents,Closed Lost,986800.0,4712600.0,20.9,101,2025-03-18,Q2 FY25,Yes,Inbound
OPP-00268,AE-054,Mid-Market,LATAM,AI Agents,Discovery,177600.0,774000.0,22.9,84,2025-11-22,Q3 FY26,Yes,Inbound
OPP-00269,AE-011,Mid-Market,AMER - West,Platform,Negotiation,137700.0,581000.0,23.7,120,2025-11-18,Q3 FY25,No,Inbound
OPP-00270,AE-011,Strategic,AMER - West,AI Agents,Discovery,1383000.0,5041100.0,27.4,78,2025-02-11,Q2 FY25,No,Inbound
OPP-00271,AE-004,SMB,APAC,AI Agents,Negotiation,48700.0,265900.0,18.3,77,2025-09-24,Q3 FY26,Yes,Marketing
OPP-00272,AE-007,Strategic,EMEA,Service Cloud,Proposal,2010300.0,6402800.0,31.4,32,2025-01-13,Q2 FY25,No,Inbound
OPP-00273,AE-038,Mid-Market,APAC,Marketing Cloud,Discovery,110100.0,659700.0,16.7,20,2025-01-23,Q2 FY25,Yes,Marketing
OPP-00274,AE-003,Mid-Market,AMER - West,Platform,Prospect,177100.0,1022300.0,17.3,13,2025-06-22,Q2 FY26,No,Marketing
OPP-00275,AE-014,Strategic,AMER - Central,Service Cloud,Prospect,2303100.0,9990900.0,23.1,71,2025-10-14,Q3 FY25,Yes,Renewal
OPP-00276,AE-006,Mid-Market,AMER - West,Marketing Cloud,Proposal,124800.0,531400.0,23.5,99,2025-05-21,Q4 FY26,No,Renewal
OPP-00277,AE-051,Mid-Market,EMEA,AI Agents,Proposal,170300.0,789100.0,21.6,92,2026-05-07,Q1 FY25,No,Renewal
OPP-00278,AE-015,Enterprise,APAC,Sales Cloud,Solution,307900.0,1670700.0,18.4,72,2025-03-01,Q2 FY26,No,Partner
OPP-00279,AE-035,Mid-Market,AMER - Central,AI Agents,Closed Lost,65000.0,307300.0,21.2,15,2025-08-13,Q4 FY25,No,Marketing
OPP-00280,AE-016,Enterprise,AMER - East,Data Cloud,Closed Lost,794900.0,4564300.0,17.4,82,2026-01-03,Q3 FY25,Yes,Partner
OPP-00281,AE-020,Mid-Market,APAC,Service Cloud,Proposal,78200.0,255800.0,30.6,126,2025-02-08,Q4 FY26,Yes,Inbound
OPP-00282,AE-022,SMB,AMER - East,AI Agents,Proposal,10000.0,31800.0,31.5,46,2025-11-28,Q4 FY25,Yes,Inbound
OPP-00283,AE-046,SMB,AMER - Central,AI Agents,Closed Won,44400.0,178000.0,24.9,102,2025-04-14,Q2 FY25,No,Inbound
OPP-00284,AE-046,Strategic,AMER - East,Data Cloud,Negotiation,2913500.0,10691700.0,27.3,178,2026-01-01,Q2 FY26,No,Inbound
OPP-00285,AE-047,Strategic,AMER - East,Sales Cloud,Discovery,2314700.0,12851800.0,18.0,180,2026-02-05,Q3 FY25,No,Renewal
OPP-00286,AE-037,SMB,LATAM,Sales Cloud,Discovery,22700.0,90700.0,25.0,128,2025-05-25,Q4 FY25,Yes,Partner
OPP-00287,AE-043,Enterprise,LATAM,AI Agents,Prospect,731200.0,2218600.0,33.0,86,2026-04-03,Q2 FY25,Yes,Outbound
OPP-00288,AE-025,Enterprise,AMER - West,Platform,Discovery,264800.0,1497100.0,17.7,108,2025-06-20,Q1 FY25,No,Marketing
OPP-00289,AE-042,Enterprise,APAC,AI Agents,Proposal,260900.0,1135900.0,23.0,58,2025-06-16,Q4 FY26,No,Outbound
OPP-00290,AE-022,Enterprise,AMER - West,Service Cloud,Prospect,356700.0,1853400.0,19.2,97,2025-06-14,Q2 FY25,No,Outbound
OPP-00291,AE-002,Enterprise,LATAM,Platform,Proposal,568200.0,2739800.0,20.7,168,2025-06-18,Q4 FY26,No,Outbound
OPP-00292,AE-036,SMB,LATAM,AI Agents,Solution,49000.0,244100.0,20.1,139,2025-09-29,Q3 FY26,No,Outbound
OPP-00293,AE-004,SMB,AMER - East,Marketing Cloud,Solution,32000.0,104400.0,30.6,1,2026-03-14,Q4 FY26,No,Renewal
OPP-00294,AE-019,Strategic,LATAM,Sales Cloud,Discovery,856600.0,3362200.0,25.5,122,2025-04-29,Q3 FY25,No,Marketing
OPP-00295,AE-057,Enterprise,AMER - Central,Platform,Prospect,526500.0,2283600.0,23.1,95,2025-07-11,Q3 FY25,Yes,Marketing
OPP-00296,AE-049,Enterprise,AMER - East,AI Agents,Discovery,361100.0,1176100.0,30.7,171,2025-04-10,Q1 FY25,No,Renewal
OPP-00297,AE-053,Strategic,EMEA,Data Cloud,Closed Lost,2097400.0,10615400.0,19.8,108,2026-07-03,Q1 FY25,No,Renewal
OPP-00298,AE-037,Mid-Market,APAC,Data Cloud,Solution,61800.0,207700.0,29.8,147,2025-05-31,Q1 FY25,No,Inbound
OPP-00299,AE-028,Mid-Market,AMER - West,Sales Cloud,Closed Lost,171300.0,617700.0,27.7,175,2026-03-22,Q3 FY25,No,Inbound
OPP-00300,AE-025,Enterprise,AMER - West,Data Cloud,Discovery,636300.0,3544100.0,18.0,102,2025-11-30,Q2 FY25,No,Outbound
OPP-00301,AE-037,Strategic,AMER - West,Sales Cloud,Prospect,1129200.0,6369100.0,17.7,74,2026-07-03,Q2 FY25,No,Partner
OPP-00302,AE-012,Strategic,AMER - West,Marketing Cloud,Proposal,2058500.0,9993500.0,20.6,104,2025-05-28,Q4 FY26,No,Marketing
OPP-00303,AE-048,SMB,AMER - West,Platform,Solution,45200.0,138300.0,32.7,69,2026-01-17,Q4 FY25,No,Partner
OPP-00304,AE-009,Enterprise,AMER - East,Marketing Cloud,Discovery,495000.0,1885100.0,26.3,114,2025-11-25,Q2 FY25,No,Outbound
OPP-00305,AE-032,Mid-Market,LATAM,Data Cloud,Solution,187000.0,850100.0,22.0,96,2025-02-27,Q3 FY26,Yes,Partner
OPP-00306,AE-013,Strategic,AMER - East,Service Cloud,Prospect,2672800.0,8283600.0,32.3,15,2025-09-13,Q1 FY25,Yes,Partner
OPP-00307,AE-060,Mid-Market,LATAM,Sales Cloud,Discovery,173500.0,646400.0,26.8,175,2025-02-01,Q3 FY26,No,Marketing
OPP-00308,AE-011,Mid-Market,AMER - Central,Marketing Cloud,Closed Lost,121200.0,467300.0,25.9,177,2025-04-03,Q2 FY26,No,Inbound
OPP-00309,AE-042,Mid-Market,AMER - Central,Platform,Closed Won,147100.0,822900.0,17.9,132,2025-01-21,Q4 FY25,No,Outbound
OPP-00310,AE-017,Strategic,AMER - East,Data Cloud,Closed Won,2224200.0,9500500.0,23.4,79,2025-10-09,Q1 FY25,No,Partner
OPP-00311,AE-007,Strategic,APAC,Sales Cloud,Discovery,1826700.0,8556900.0,21.3,131,2026-01-19,Q3 FY26,No,Partner
OPP-00312,AE-041,Enterprise,AMER - Central,Marketing Cloud,Negotiation,489000.0,2429500.0,20.1,71,2025-09-25,Q2 FY26,No,Partner
OPP-00313,AE-026,Mid-Market,APAC,AI Agents,Prospect,164800.0,851000.0,19.4,82,2025-05-24,Q1 FY25,No,Partner
OPP-00314,AE-046,Enterprise,APAC,Data Cloud,Closed Won,442800.0,2293500.0,19.3,49,2025-12-18,Q1 FY25,Yes,Renewal
OPP-00315,AE-054,Strategic,AMER - East,AI Agents,Closed Won,2278100.0,8842100.0,25.8,143,2025-07-05,Q1 FY26,No,Partner
OPP-00316,AE-023,Mid-Market,AMER - East,Service Cloud,Closed Lost,184900.0,991900.0,18.6,79,2026-03-07,Q2 FY25,No,Partner
OPP-00317,AE-038,Enterprise,LATAM,Data Cloud,Solution,270700.0,1195600.0,22.6,159,2025-03-14,Q1 FY25,Yes,Outbound
OPP-00318,AE-013,Strategic,AMER - East,Marketing Cloud,Proposal,1708800.0,5860600.0,29.2,105,2026-04-14,Q3 FY25,No,Inbound
OPP-00319,AE-041,SMB,AMER - Central,Sales Cloud,Solution,35200.0,134500.0,26.2,2,2026-04-08,Q3 FY25,No,Inbound
OPP-00320,AE-040,Mid-Market,AMER - East,Platform,Solution,164500.0,692600.0,23.8,163,2026-03-16,Q2 FY25,No,Marketing
OPP-00321,AE-058,SMB,AMER - West,Marketing Cloud,Prospect,18000.0,55000.0,32.7,136,2025-07-15,Q2 FY26,Yes,Inbound
OPP-00322,AE-025,Mid-Market,AMER - West,Data Cloud,Negotiation,101700.0,356100.0,28.6,151,2025-11-10,Q3 FY25,No,Partner
OPP-00323,AE-057,Enterprise,EMEA,AI Agents,Solution,512200.0,3067300.0,16.7,35,2025-12-17,Q2 FY26,No,Inbound
OPP-00324,AE-015,Mid-Market,AMER - West,Service Cloud,Closed Lost,187700.0,976500.0,19.2,34,2025-08-05,Q3 FY26,No,Inbound
OPP-00325,AE-057,SMB,EMEA,AI Agents,Solution,36000.0,175300.0,20.5,66,2026-07-02,Q1 FY25,No,Outbound
OPP-00326,AE-029,SMB,EMEA,Platform,Proposal,10800.0,47800.0,22.6,32,2025-09-16,Q2 FY25,Yes,Outbound
OPP-00327,AE-039,Enterprise,APAC,AI Agents,Solution,260600.0,1431200.0,18.2,36,2026-03-05,Q1 FY26,Yes,Renewal
OPP-00328,AE-039,SMB,AMER - East,Service Cloud,Discovery,41400.0,245100.0,16.9,68,2026-06-20,Q4 FY26,No,Marketing
OPP-00329,AE-060,Enterprise,LATAM,Platform,Prospect,528900.0,1591000.0,33.2,85,2025-08-29,Q4 FY25,No,Outbound
OPP-00330,AE-047,Strategic,LATAM,Sales Cloud,Prospect,998200.0,4362400.0,22.9,66,2025-08-25,Q2 FY25,No,Partner
OPP-00331,AE-024,Strategic,AMER - Central,AI Agents,Prospect,2589000.0,13503200.0,19.2,81,2026-03-13,Q1 FY25,Yes,Outbound
OPP-00332,AE-023,SMB,AMER - Central,Platform,Closed Won,36500.0,205700.0,17.7,160,2025-10-02,Q3 FY25,Yes,Partner
OPP-00333,AE-054,Mid-Market,AMER - Central,Platform,Prospect,110000.0,594000.0,18.5,177,2026-05-05,Q4 FY26,No,Inbound
OPP-00334,AE-027,SMB,AMER - West,Data Cloud,Prospect,39100.0,138600.0,28.2,124,2026-03-25,Q3 FY25,No,Partner
OPP-00335,AE-059,SMB,EMEA,Platform,Closed Won,45200.0,195400.0,23.1,29,2026-02-26,Q3 FY25,Yes,Partner
OPP-00336,AE-056,SMB,LATAM,Marketing Cloud,Negotiation,37100.0,187900.0,19.7,133,2026-06-20,Q4 FY25,No,Marketing
OPP-00337,AE-054,Mid-Market,AMER - East,Data Cloud,Solution,149600.0,454000.0,32.9,157,2025-02-25,Q3 FY26,No,Renewal
OPP-00338,AE-021,Strategic,EMEA,Service Cloud,Closed Won,2712700.0,8547900.0,31.7,85,2025-10-12,Q2 FY25,Yes,Marketing
OPP-00339,AE-029,Strategic,APAC,Sales Cloud,Closed Won,973400.0,3843200.0,25.3,128,2026-04-03,Q4 FY26,No,Outbound
OPP-00340,AE-051,SMB,AMER - West,Data Cloud,Solution,11400.0,64600.0,17.6,159,2025-11-08,Q1 FY25,No,Marketing
OPP-00341,AE-022,Enterprise,EMEA,Data Cloud,Solution,232600.0,1197900.0,19.4,159,2026-04-30,Q4 FY25,No,Marketing
OPP-00342,AE-023,SMB,AMER - Central,AI Agents,Prospect,36400.0,150000.0,24.3,75,2026-06-19,Q1 FY25,Yes,Inbound
OPP-00343,AE-017,Strategic,AMER - West,Data Cloud,Prospect,2377100.0,7992400.0,29.7,51,2025-07-12,Q3 FY26,No,Inbound
OPP-00344,AE-049,Strategic,AMER - West,Platform,Closed Won,1219300.0,6482300.0,18.8,12,2025-05-07,Q2 FY26,No,Renewal
OPP-00345,AE-060,Mid-Market,APAC,Platform,Closed Lost,50700.0,292700.0,17.3,150,2026-05-10,Q1 FY25,No,Inbound
OPP-00346,AE-039,Mid-Market,LATAM,Data Cloud,Negotiation,69300.0,391100.0,17.7,83,2026-06-01,Q3 FY26,No,Renewal
OPP-00347,AE-052,Mid-Market,EMEA,Service Cloud,Discovery,194500.0,935100.0,20.8,36,2026-02-27,Q1 FY26,No,Renewal
OPP-00348,AE-048,Enterprise,LATAM,Data Cloud,Closed Won,528700.0,1904700.0,27.8,162,2025-08-11,Q2 FY26,No,Partner
OPP-00349,AE-035,Enterprise,APAC,AI Agents,Closed Lost,279600.0,1434600.0,19.5,164,2025-11-27,Q3 FY25,No,Renewal
OPP-00350,AE-048,Strategic,LATAM,Data Cloud,Proposal,2873900.0,15590700.0,18.4,74,2026-03-09,Q3 FY26,No,Outbound
OPP-00351,AE-049,Strategic,AMER - Central,Service Cloud,Prospect,2274600.0,7823000.0,29.1,74,2025-09-14,Q4 FY25,Yes,Partner
OPP-00352,AE-040,Mid-Market,AMER - West,AI Agents,Negotiation,54800.0,286500.0,19.1,144,2025-08-18,Q4 FY26,No,Inbound
OPP-00353,AE-027,Enterprise,EMEA,AI Agents,Negotiation,228200.0,693500.0,32.9,81,2025-02-25,Q3 FY26,Yes,Renewal
OPP-00354,AE-035,Strategic,APAC,AI Agents,Closed Won,2805300.0,14947900.0,18.8,155,2025-07-21,Q2 FY26,No,Partner
OPP-00355,AE-048,Strategic,AMER - East,Data Cloud,Prospect,2301800.0,7186000.0,32.0,31,2026-01-22,Q3 FY25,Yes,Partner
OPP-00356,AE-030,Mid-Market,AMER - Central,AI Agents,Prospect,176900.0,612300.0,28.9,40,2025-02-10,Q1 FY25,No,Outbound
OPP-00357,AE-051,Enterprise,AMER - West,AI Agents,Solution,543600.0,1989500.0,27.3,82,2026-06-23,Q2 FY26,Yes,Outbound
OPP-00358,AE-015,Mid-Market,AMER - Central,Service Cloud,Solution,130600.0,521500.0,25.0,170,2025-12-06,Q2 FY25,No,Renewal
OPP-00359,AE-043,Strategic,AMER - West,Marketing Cloud,Closed Lost,2612100.0,14924200.0,17.5,115,2025-09-04,Q1 FY25,No,Renewal
OPP-00360,AE-059,Mid-Market,EMEA,Sales Cloud,Closed Lost,152400.0,704200.0,21.6,99,2025-09-20,Q2 FY26,No,Renewal
OPP-00361,AE-019,Enterprise,AMER - West,AI Agents,Proposal,505200.0,2294500.0,22.0,50,2025-11-25,Q4 FY26,No,Inbound
OPP-00362,AE-028,SMB,LATAM,Sales Cloud,Proposal,18400.0,90900.0,20.2,53,2026-03-22,Q4 FY25,No,Inbound
OPP-00363,AE-004,SMB,AMER - West,Service Cloud,Solution,23300.0,110100.0,21.2,65,2025-03-14,Q2 FY25,Yes,Partner
OPP-00364,AE-002,Strategic,AMER - Central,Platform,Solution,2186500.0,10067700.0,21.7,173,2025-05-02,Q3 FY26,No,Renewal
OPP-00365,AE-060,SMB,AMER - Central,Data Cloud,Negotiation,33400.0,179000.0,18.7,28,2025-10-24,Q2 FY25,No,Outbound
OPP-00366,AE-002,Enterprise,LATAM,Platform,Negotiation,462600.0,1692900.0,27.3,41,2026-07-01,Q3 FY26,No,Renewal
OPP-00367,AE-036,Enterprise,AMER - West,Data Cloud,Closed Lost,286400.0,895100.0,32.0,37,2025-05-07,Q2 FY26,No,Marketing
OPP-00368,AE-027,SMB,AMER - East,AI Agents,Discovery,39900.0,139000.0,28.7,132,2025-05-26,Q2 FY26,Yes,Partner
OPP-00369,AE-030,Mid-Market,APAC,AI Agents,Prospect,150600.0,583100.0,25.8,141,2025-03-16,Q1 FY25,Yes,Outbound
OPP-00370,AE-009,Mid-Market,AMER - Central,AI Agents,Negotiation,123100.0,406200.0,30.3,168,2025-08-29,Q2 FY26,No,Inbound
OPP-00371,AE-038,Enterprise,LATAM,Service Cloud,Solution,397000.0,2153000.0,18.4,145,2026-01-09,Q1 FY26,No,Inbound
OPP-00372,AE-054,SMB,AMER - Central,Marketing Cloud,Discovery,41400.0,233200.0,17.8,35,2025-12-06,Q3 FY26,No,Partner
OPP-00373,AE-055,Enterprise,AMER - Central,Service Cloud,Solution,265300.0,1005400.0,26.4,138,2025-07-21,Q2 FY25,No,Outbound
OPP-00374,AE-038,SMB,APAC,Platform,Closed Won,44000.0,251600.0,17.5,152,2025-08-06,Q1 FY25,No,Renewal
OPP-00375,AE-058,Strategic,AMER - East,Data Cloud,Proposal,1127000.0,4952200.0,22.8,75,2025-05-18,Q3 FY26,No,Marketing
OPP-00376,AE-009,Enterprise,APAC,Platform,Proposal,597600.0,2808200.0,21.3,41,2025-07-03,Q3 FY25,No,Inbound
OPP-00377,AE-005,Strategic,AMER - East,Marketing Cloud,Closed Lost,888900.0,2780900.0,32.0,95,2025-08-28,Q4 FY26,Yes,Partner
OPP-00378,AE-042,Strategic,AMER - West,Marketing Cloud,Solution,1800200.0,8822200.0,20.4,27,2026-06-18,Q1 FY25,Yes,Partner
OPP-00379,AE-017,Mid-Market,APAC,Platform,Solution,106800.0,450400.0,23.7,58,2026-06-13,Q2 FY25,No,Partner
OPP-00380,AE-057,Strategic,APAC,Service Cloud,Negotiation,2751800.0,10154100.0,27.1,113,2025-06-19,Q1 FY25,No,Partner
OPP-00381,AE-015,Mid-Market,LATAM,Platform,Prospect,73600.0,327100.0,22.5,85,2025-04-27,Q2 FY25,No,Inbound
OPP-00382,AE-009,Mid-Market,AMER - West,Data Cloud,Proposal,111600.0,379900.0,29.4,152,2025-06-14,Q4 FY25,No,Renewal
OPP-00383,AE-026,Mid-Market,APAC,Data Cloud,Prospect,88700.0,499900.0,17.7,145,2025-01-20,Q3 FY25,No,Partner
OPP-00384,AE-011,SMB,EMEA,Service Cloud,Discovery,34300.0,184700.0,18.6,106,2025-05-27,Q4 FY26,No,Inbound
OPP-00385,AE-038,Enterprise,APAC,Sales Cloud,Prospect,611400.0,2541200.0,24.1,59,2026-01-23,Q4 FY26,Yes,Inbound
OPP-00386,AE-058,Strategic,EMEA,Data Cloud,Closed Won,2132100.0,12010700.0,17.8,154,2025-02-09,Q3 FY25,No,Outbound
OPP-00387,AE-042,SMB,LATAM,Platform,Solution,15200.0,62500.0,24.3,134,2026-03-07,Q1 FY25,Yes,Renewal
OPP-00388,AE-038,Strategic,AMER - Central,AI Agents,Discovery,2565100.0,10969600.0,23.4,179,2025-04-11,Q3 FY26,Yes,Inbound
OPP-00389,AE-013,SMB,AMER - Central,Sales Cloud,Discovery,45100.0,151200.0,29.8,2,2026-06-20,Q3 FY26,Yes,Inbound
OPP-00390,AE-038,Enterprise,LATAM,Marketing Cloud,Solution,263900.0,1127000.0,23.4,67,2026-07-03,Q3 FY26,No,Partner
OPP-00391,AE-024,Strategic,AMER - East,Data Cloud,Negotiation,1709100.0,6428500.0,26.6,143,2026-05-11,Q4 FY26,No,Partner
OPP-00392,AE-015,Strategic,LATAM,Platform,Negotiation,2681000.0,8849500.0,30.3,180,2025-06-15,Q2 FY25,No,Partner
OPP-00393,AE-053,SMB,AMER - West,Service Cloud,Prospect,48600.0,158700.0,30.6,121,2026-03-22,Q1 FY25,Yes,Partner
OPP-00394,AE-042,SMB,APAC,Data Cloud,Proposal,39000.0,227600.0,17.1,74,2025-02-28,Q3 FY26,No,Marketing
OPP-00395,AE-003,Strategic,AMER - East,Data Cloud,Prospect,2671200.0,13610700.0,19.6,131,2026-06-13,Q1 FY26,No,Outbound
OPP-00396,AE-018,Enterprise,AMER - West,Platform,Discovery,200200.0,844100.0,23.7,91,2026-02-09,Q3 FY25,Yes,Outbound
OPP-00397,AE-053,SMB,AMER - Central,Marketing Cloud,Closed Won,32000.0,139700.0,22.9,58,2025-07-19,Q2 FY26,No,Outbound
OPP-00398,AE-019,Enterprise,APAC,Marketing Cloud,Prospect,503700.0,2956800.0,17.0,30,2026-06-10,Q2 FY25,No,Renewal
OPP-00399,AE-049,Enterprise,AMER - East,Marketing Cloud,Negotiation,779600.0,4435600.0,17.6,118,2026-04-17,Q4 FY26,No,Marketing
OPP-00400,AE-045,SMB,LATAM,Service Cloud,Discovery,25300.0,148400.0,17.0,81,2026-02-27,Q4 FY25,No,Outbound
OPP-00401,AE-036,Enterprise,AMER - West,Service Cloud,Discovery,255800.0,1038700.0,24.6,122,2025-11-18,Q2 FY26,No,Partner
OPP-00402,AE-048,Mid-Market,EMEA,Service Cloud,Closed Lost,152500.0,856800.0,17.8,61,2025-09-05,Q4 FY25,Yes,Inbound
OPP-00403,AE-059,Mid-Market,AMER - West,Sales Cloud,Closed Won,103400.0,500600.0,20.7,174,2026-05-20,Q2 FY25,No,Renewal
OPP-00404,AE-058,SMB,EMEA,Data Cloud,Closed Won,24800.0,88000.0,28.2,71,2026-05-18,Q2 FY26,No,Renewal
OPP-00405,AE-034,Enterprise,AMER - West,Platform,Solution,650100.0,2930300.0,22.2,123,2025-02-03,Q3 FY25,No,Inbound
OPP-00406,AE-045,Strategic,AMER - Central,Sales Cloud,Closed Lost,2336100.0,9667400.0,24.2,4,2025-08-04,Q4 FY26,Yes,Partner
OPP-00407,AE-040,Enterprise,EMEA,Marketing Cloud,Discovery,357700.0,1608300.0,22.2,94,2025-07-08,Q1 FY26,Yes,Partner
OPP-00408,AE-009,Enterprise,APAC,Data Cloud,Closed Won,367800.0,2001800.0,18.4,176,2025-08-23,Q3 FY25,No,Inbound
OPP-00409,AE-052,Strategic,EMEA,Sales Cloud,Closed Won,1231300.0,5539400.0,22.2,46,2026-03-08,Q3 FY25,No,Renewal
OPP-00410,AE-007,Enterprise,EMEA,AI Agents,Negotiation,380000.0,1385600.0,27.4,42,2025-03-03,Q1 FY25,Yes,Outbound
OPP-00411,AE-036,Strategic,APAC,Marketing Cloud,Negotiation,1371500.0,5808700.0,23.6,89,2025-01-21,Q2 FY26,No,Renewal
OPP-00412,AE-023,Mid-Market,AMER - Central,Marketing Cloud,Proposal,147500.0,658200.0,22.4,173,2026-06-07,Q3 FY25,No,Outbound
OPP-00413,AE-041,Strategic,AMER - East,Marketing Cloud,Proposal,1820300.0,10096700.0,18.0,108,2026-02-19,Q3 FY25,Yes,Inbound
OPP-00414,AE-018,Enterprise,LATAM,Data Cloud,Discovery,390100.0,1487700.0,26.2,166,2026-02-09,Q1 FY26,No,Partner
OPP-00415,AE-047,Strategic,AMER - East,Service Cloud,Solution,1204500.0,7011800.0,17.2,170,2025-09-15,Q1 FY25,No,Outbound
OPP-00416,AE-036,Mid-Market,EMEA,Sales Cloud,Prospect,65500.0,299500.0,21.9,7,2026-02-11,Q2 FY25,No,Outbound
OPP-00417,AE-015,Enterprise,AMER - Central,Service Cloud,Proposal,250600.0,1222800.0,20.5,73,2026-03-30,Q3 FY26,Yes,Inbound
OPP-00418,AE-030,SMB,EMEA,Data Cloud,Prospect,24300.0,82700.0,29.4,70,2026-04-01,Q2 FY26,No,Renewal
OPP-00419,AE-041,Mid-Market,APAC,AI Agents,Proposal,118500.0,678600.0,17.5,137,2025-11-14,Q3 FY26,No,Inbound
OPP-00420,AE-020,SMB,AMER - East,Sales Cloud,Solution,24600.0,134000.0,18.4,1,2026-06-20,Q1 FY26,No,Partner
OPP-00421,AE-020,Enterprise,EMEA,Sales Cloud,Solution,205000.0,982200.0,20.9,111,2025-10-27,Q4 FY26,No,Renewal
OPP-00422,AE-016,Enterprise,EMEA,Service Cloud,Discovery,729300.0,4000400.0,18.2,166,2026-02-04,Q3 FY26,Yes,Outbound
OPP-00423,AE-042,Strategic,AMER - Central,AI Agents,Proposal,1936500.0,8208300.0,23.6,137,2025-10-03,Q1 FY26,No,Inbound
OPP-00424,AE-045,Mid-Market,AMER - Central,Data Cloud,Discovery,145500.0,576500.0,25.2,126,2025-07-12,Q4 FY26,Yes,Renewal
OPP-00425,AE-046,SMB,AMER - East,Platform,Discovery,14100.0,46100.0,30.6,3,2025-08-27,Q1 FY26,Yes,Inbound
OPP-00426,AE-030,Enterprise,AMER - Central,AI Agents,Solution,671400.0,2175800.0,30.9,9,2025-12-05,Q4 FY26,No,Inbound
OPP-00427,AE-013,SMB,AMER - East,Marketing Cloud,Discovery,25700.0,86500.0,29.7,98,2025-01-13,Q4 FY26,No,Inbound
OPP-00428,AE-030,Strategic,AMER - East,AI Agents,Negotiation,1774500.0,8869000.0,20.0,25,2026-06-18,Q1 FY25,Yes,Marketing
OPP-00429,AE-060,Enterprise,LATAM,Data Cloud,Closed Lost,295200.0,1109900.0,26.6,134,2025-05-06,Q1 FY25,No,Inbound
OPP-00430,AE-016,Enterprise,AMER - West,AI Agents,Closed Won,718200.0,2187100.0,32.8,112,2025-11-29,Q4 FY25,No,Renewal
OPP-00431,AE-051,SMB,APAC,AI Agents,Solution,19700.0,81000.0,24.3,122,2025-06-08,Q1 FY25,Yes,Inbound
OPP-00432,AE-023,Strategic,AMER - West,AI Agents,Prospect,2161000.0,7298700.0,29.6,40,2025-04-20,Q1 FY25,Yes,Renewal
OPP-00433,AE-045,Enterprise,AMER - West,Platform,Closed Won,463200.0,1738000.0,26.7,92,2025-05-18,Q4 FY25,Yes,Marketing
OPP-00434,AE-023,Enterprise,APAC,Marketing Cloud,Proposal,494100.0,2768400.0,17.8,120,2025-10-09,Q3 FY25,No,Renewal
OPP-00435,AE-035,Mid-Market,AMER - Central,Marketing Cloud,Prospect,73300.0,390500.0,18.8,117,2025-01-01,Q1 FY26,No,Inbound
OPP-00436,AE-047,SMB,AMER - Central,Sales Cloud,Proposal,24600.0,87800.0,28.0,169,2026-02-01,Q4 FY25,No,Renewal
OPP-00437,AE-007,Mid-Market,AMER - West,Data Cloud,Proposal,98400.0,308100.0,31.9,169,2025-03-10,Q2 FY26,No,Inbound
OPP-00438,AE-037,SMB,AMER - West,AI Agents,Discovery,29400.0,134600.0,21.8,100,2026-05-17,Q2 FY25,No,Partner
OPP-00439,AE-060,SMB,AMER - West,Service Cloud,Solution,34200.0,197900.0,17.3,168,2026-05-19,Q2 FY25,No,Marketing
OPP-00440,AE-051,SMB,AMER - Central,AI Agents,Solution,39700.0,182100.0,21.8,15,2025-09-30,Q3 FY26,No,Partner
OPP-00441,AE-047,SMB,AMER - West,Service Cloud,Closed Lost,48400.0,172700.0,28.0,137,2026-01-30,Q2 FY25,No,Inbound
OPP-00442,AE-037,Mid-Market,LATAM,Marketing Cloud,Proposal,133700.0,682900.0,19.6,173,2026-04-15,Q2 FY25,No,Outbound
OPP-00443,AE-011,Mid-Market,LATAM,Data Cloud,Negotiation,132500.0,768600.0,17.2,154,2026-03-30,Q2 FY26,No,Renewal
OPP-00444,AE-021,Enterprise,LATAM,Data Cloud,Closed Won,447400.0,1845600.0,24.2,62,2025-08-08,Q3 FY26,No,Partner
OPP-00445,AE-047,Enterprise,AMER - West,Sales Cloud,Closed Lost,468500.0,2133000.0,22.0,73,2025-01-17,Q3 FY26,No,Partner
OPP-00446,AE-050,SMB,AMER - West,AI Agents,Discovery,18900.0,88200.0,21.4,71,2026-06-08,Q2 FY26,No,Inbound
OPP-00447,AE-024,SMB,AMER - Central,Data Cloud,Prospect,24200.0,91200.0,26.5,64,2025-08-27,Q3 FY25,No,Renewal
OPP-00448,AE-021,Strategic,LATAM,Platform,Proposal,1278400.0,7001900.0,18.3,45,2026-05-15,Q2 FY25,No,Renewal
OPP-00449,AE-050,SMB,AMER - West,Sales Cloud,Proposal,22000.0,124100.0,17.7,86,2025-12-23,Q3 FY26,No,Outbound
OPP-00450,AE-050,Mid-Market,LATAM,AI Agents,Negotiation,177400.0,694400.0,25.5,98,2025-02-25,Q1 FY25,Yes,Renewal
OPP-00451,AE-044,Mid-Market,AMER - West,AI Agents,Discovery,154700.0,813500.0,19.0,101,2026-04-02,Q3 FY25,No,Outbound
OPP-00452,AE-022,Mid-Market,AMER - East,Sales Cloud,Solution,168000.0,780300.0,21.5,122,2025-02-20,Q3 FY25,Yes,Marketing
OPP-00453,AE-036,Strategic,EMEA,Service Cloud,Negotiation,1086800.0,5387000.0,20.2,125,2026-02-09,Q3 FY25,Yes,Renewal
OPP-00454,AE-044,Mid-Market,AMER - Central,Data Cloud,Discovery,89900.0,450900.0,19.9,23,2025-04-26,Q3 FY26,No,Partner
OPP-00455,AE-011,Mid-Market,AMER - Central,Marketing Cloud,Discovery,139100.0,677400.0,20.5,158,2026-03-29,Q1 FY25,No,Inbound
OPP-00456,AE-048,Mid-Market,AMER - West,Sales Cloud,Negotiation,73400.0,411500.0,17.8,63,2025-06-01,Q2 FY25,No,Outbound
OPP-00457,AE-002,Enterprise,EMEA,Marketing Cloud,Negotiation,266800.0,963500.0,27.7,54,2025-08-05,Q4 FY26,No,Partner
OPP-00458,AE-038,Strategic,EMEA,AI Agents,Proposal,2983100.0,11235500.0,26.6,135,2025-02-14,Q1 FY25,Yes,Inbound
OPP-00459,AE-025,Enterprise,AMER - West,AI Agents,Prospect,592900.0,3316000.0,17.9,70,2026-01-04,Q1 FY25,Yes,Marketing
OPP-00460,AE-032,Mid-Market,AMER - Central,Data Cloud,Closed Lost,126300.0,449500.0,28.1,137,2025-04-01,Q2 FY25,No,Marketing
OPP-00461,AE-032,SMB,AMER - Central,Platform,Prospect,46900.0,189500.0,24.8,41,2025-01-19,Q1 FY26,No,Partner
OPP-00462,AE-041,Mid-Market,AMER - West,Marketing Cloud,Closed Lost,196800.0,1147800.0,17.1,100,2025-01-31,Q1 FY26,No,Inbound
OPP-00463,AE-047,Mid-Market,AMER - West,Platform,Solution,108900.0,463000.0,23.5,134,2025-08-21,Q3 FY25,No,Marketing
OPP-00464,AE-042,Enterprise,AMER - East,Service Cloud,Closed Won,397600.0,2221700.0,17.9,149,2025-07-27,Q3 FY25,No,Renewal
OPP-00465,AE-060,Mid-Market,LATAM,Data Cloud,Solution,186400.0,597100.0,31.2,41,2025-11-22,Q3 FY25,No,Outbound
OPP-00466,AE-057,Mid-Market,AMER - Central,Platform,Discovery,181900.0,787400.0,23.1,106,2025-11-07,Q1 FY25,No,Partner
OPP-00467,AE-049,Mid-Market,AMER - West,Data Cloud,Negotiation,66000.0,317900.0,20.8,158,2025-10-01,Q3 FY25,No,Renewal
OPP-00468,AE-050,Mid-Market,LATAM,Platform,Discovery,53900.0,298500.0,18.1,35,2026-05-30,Q2 FY25,No,Partner
OPP-00469,AE-013,Mid-Market,AMER - East,Service Cloud,Closed Won,123700.0,654800.0,18.9,9,2026-02-23,Q3 FY25,Yes,Partner
OPP-00470,AE-005,Strategic,AMER - East,Service Cloud,Discovery,2276900.0,11529300.0,19.7,113,2026-05-17,Q4 FY25,No,Inbound
OPP-00471,AE-021,Strategic,LATAM,Platform,Solution,892000.0,4392400.0,20.3,157,2026-06-22,Q3 FY26,No,Outbound
OPP-00472,AE-034,SMB,AMER - East,Data Cloud,Solution,43100.0,201400.0,21.4,102,2025-02-10,Q1 FY25,No,Outbound
OPP-00473,AE-030,Mid-Market,AMER - Central,Service Cloud,Discovery,109700.0,530900.0,20.7,109,2025-10-29,Q1 FY26,Yes,Renewal
OPP-00474,AE-033,Mid-Market,LATAM,Sales Cloud,Solution,146900.0,613900.0,23.9,47,2025-05-19,Q2 FY25,No,Outbound
OPP-00475,AE-006,Mid-Market,EMEA,Marketing Cloud,Solution,184500.0,951100.0,19.4,83,2025-06-17,Q4 FY25,Yes,Outbound
OPP-00476,AE-051,Strategic,LATAM,Data Cloud,Proposal,987700.0,4085200.0,24.2,157,2025-06-13,Q3 FY26,No,Inbound
OPP-00477,AE-056,Enterprise,AMER - East,Service Cloud,Proposal,595700.0,2536900.0,23.5,46,2025-02-22,Q3 FY25,No,Marketing
OPP-00478,AE-001,Enterprise,AMER - East,Data Cloud,Proposal,270500.0,1183700.0,22.9,65,2025-01-13,Q3 FY25,No,Renewal
OPP-00479,AE-043,SMB,APAC,Platform,Proposal,29700.0,128500.0,23.1,117,2026-02-24,Q4 FY25,No,Outbound
OPP-00480,AE-012,Mid-Market,AMER - West,Service Cloud,Closed Won,91700.0,285200.0,32.2,15,2025-12-24,Q4 FY25,No,Renewal
OPP-00481,AE-012,Enterprise,EMEA,Service Cloud,Solution,252600.0,1220900.0,20.7,173,2025-10-19,Q2 FY25,No,Renewal
OPP-00482,AE-006,Mid-Market,AMER - West,Marketing Cloud,Closed Lost,162400.0,924500.0,17.6,83,2026-01-13,Q2 FY26,No,Marketing
OPP-00483,AE-034,SMB,AMER - Central,Platform,Discovery,15400.0,78300.0,19.7,135,2025-08-03,Q1 FY26,No,Outbound
OPP-00484,AE-039,SMB,EMEA,Marketing Cloud,Solution,37500.0,177200.0,21.2,67,2026-06-23,Q1 FY26,No,Inbound
OPP-00485,AE-057,Strategic,AMER - East,Data Cloud,Proposal,2190100.0,13004300.0,16.8,60,2025-10-25,Q4 FY26,Yes,Outbound
OPP-00486,AE-027,Strategic,APAC,Platform,Proposal,1059400.0,4289500.0,24.7,12,2025-12-08,Q4 FY25,No,Inbound
OPP-00487,AE-020,SMB,AMER - West,Marketing Cloud,Proposal,37600.0,199300.0,18.9,130,2025-11-28,Q1 FY26,Yes,Partner
OPP-00488,AE-013,Enterprise,AMER - East,Marketing Cloud,Solution,541400.0,3112200.0,17.4,87,2026-05-06,Q1 FY25,No,Inbound
OPP-00489,AE-051,Strategic,EMEA,Platform,Prospect,1813400.0,7068700.0,25.7,15,2026-06-18,Q2 FY26,No,Partner
OPP-00490,AE-010,SMB,AMER - West,Marketing Cloud,Discovery,37400.0,222600.0,16.8,8,2025-12-14,Q2 FY26,No,Inbound
OPP-00491,AE-055,Strategic,LATAM,Marketing Cloud,Discovery,1057100.0,4483800.0,23.6,9,2025-10-06,Q1 FY26,No,Inbound
OPP-00492,AE-020,Enterprise,APAC,Service Cloud,Solution,770400.0,4125400.0,18.7,29,2026-01-19,Q4 FY25,No,Outbound
OPP-00493,AE-022,Strategic,AMER - East,Platform,Proposal,2557900.0,13624900.0,18.8,135,2025-11-14,Q3 FY25,Yes,Outbound
OPP-00494,AE-056,Mid-Market,LATAM,Data Cloud,Discovery,55500.0,218300.0,25.4,30,2025-01-05,Q3 FY26,Yes,Renewal
OPP-00495,AE-050,SMB,APAC,AI Agents,Solution,45600.0,215800.0,21.1,80,2025-01-24,Q2 FY25,No,Inbound
OPP-00496,AE-043,Enterprise,EMEA,Sales Cloud,Discovery,371900.0,1291400.0,28.8,70,2025-06-02,Q2 FY26,Yes,Renewal
OPP-00497,AE-010,SMB,AMER - Central,AI Agents,Discovery,24000.0,84300.0,28.5,73,2025-09-08,Q2 FY26,No,Partner
OPP-00498,AE-025,Strategic,AMER - West,Sales Cloud,Prospect,863800.0,3607000.0,23.9,23,2026-03-13,Q1 FY25,No,Renewal
OPP-00499,AE-049,Strategic,LATAM,AI Agents,Proposal,1487400.0,8807000.0,16.9,137,2025-03-22,Q4 FY25,No,Marketing
OPP-00500,AE-030,Mid-Market,AMER - West,Marketing Cloud,Prospect,170400.0,751700.0,22.7,176,2026-04-22,Q4 FY26,No,Inbound
OPP-00501,AE-030,Enterprise,AMER - Central,Platform,Closed Won,435200.0,1926200.0,22.6,8,2025-03-08,Q2 FY26,No,Marketing
OPP-00502,AE-007,Mid-Market,APAC,Platform,Discovery,102300.0,477600.0,21.4,28,2025-11-30,Q3 FY25,Yes,Partner
OPP-00503,AE-011,Strategic,APAC,Platform,Solution,1709600.0,6876300.0,24.9,99,2025-03-09,Q4 FY25,No,Renewal
OPP-00504,AE-045,Strategic,APAC,Service Cloud,Negotiation,1757800.0,9172400.0,19.2,45,2025-03-21,Q2 FY26,No,Marketing
OPP-00505,AE-012,SMB,EMEA,Marketing Cloud,Proposal,28500.0,136700.0,20.9,104,2025-03-13,Q2 FY25,No,Renewal
OPP-00506,AE-014,Strategic,AMER - West,Service Cloud,Discovery,2219000.0,11696900.0,19.0,149,2025-01-01,Q1 FY25,No,Marketing
OPP-00507,AE-044,Enterprise,AMER - East,Marketing Cloud,Solution,546800.0,3147100.0,17.4,77,2025-11-08,Q4 FY25,No,Partner
OPP-00508,AE-055,SMB,AMER - East,Marketing Cloud,Proposal,34500.0,196800.0,17.5,16,2026-01-14,Q3 FY26,No,Outbound
OPP-00509,AE-028,Enterprise,AMER - East,AI Agents,Prospect,369300.0,1800600.0,20.5,152,2026-02-08,Q1 FY25,No,Marketing
OPP-00510,AE-009,Strategic,EMEA,Service Cloud,Solution,1264700.0,6993800.0,18.1,143,2026-01-29,Q3 FY25,No,Marketing
OPP-00511,AE-001,Mid-Market,AMER - East,Sales Cloud,Discovery,180900.0,620800.0,29.1,166,2025-01-17,Q3 FY25,No,Marketing
OPP-00512,AE-058,Mid-Market,EMEA,AI Agents,Prospect,146300.0,712400.0,20.5,155,2026-03-12,Q3 FY26,No,Marketing
OPP-00513,AE-001,Strategic,APAC,Data Cloud,Solution,1296600.0,6659800.0,19.5,128,2025-08-31,Q3 FY26,Yes,Renewal
OPP-00514,AE-024,Enterprise,LATAM,Sales Cloud,Prospect,222700.0,1310600.0,17.0,149,2026-05-09,Q4 FY26,Yes,Renewal
OPP-00515,AE-031,Enterprise,AMER - East,AI Agents,Solution,246900.0,1247400.0,19.8,170,2025-03-21,Q2 FY25,No,Renewal
OPP-00516,AE-030,Enterprise,EMEA,Data Cloud,Proposal,742200.0,3164000.0,23.5,121,2025-12-06,Q1 FY25,No,Partner
OPP-00517,AE-051,Enterprise,LATAM,Data Cloud,Prospect,617000.0,3015800.0,20.5,67,2025-03-04,Q1 FY26,No,Renewal
OPP-00518,AE-032,SMB,AMER - Central,Sales Cloud,Proposal,21700.0,70100.0,31.0,33,2026-06-02,Q1 FY25,No,Partner
OPP-00519,AE-048,Mid-Market,AMER - West,Sales Cloud,Proposal,91300.0,523200.0,17.5,155,2025-06-28,Q1 FY26,No,Marketing
OPP-00520,AE-012,Enterprise,EMEA,Data Cloud,Closed Won,356800.0,2123800.0,16.8,9,2025-12-18,Q4 FY25,No,Renewal
OPP-00521,AE-016,Mid-Market,EMEA,AI Agents,Closed Won,162900.0,591700.0,27.5,113,2025-06-21,Q3 FY26,No,Partner
OPP-00522,AE-011,SMB,AMER - West,Platform,Proposal,40200.0,156900.0,25.6,103,2026-05-03,Q2 FY25,No,Renewal
OPP-00523,AE-010,Mid-Market,AMER - Central,Data Cloud,Solution,155800.0,602400.0,25.9,112,2025-01-13,Q4 FY26,No,Marketing
OPP-00524,AE-059,Enterprise,AMER - West,Data Cloud,Closed Lost,609700.0,3578100.0,17.0,164,2025-12-29,Q1 FY25,No,Partner
OPP-00525,AE-038,Enterprise,LATAM,Platform,Discovery,681400.0,3545300.0,19.2,119,2025-09-05,Q1 FY26,No,Inbound
OPP-00526,AE-001,Enterprise,APAC,AI Agents,Proposal,795900.0,2416300.0,32.9,3,2025-03-11,Q2 FY26,Yes,Outbound
OPP-00527,AE-003,Strategic,AMER - East,Sales Cloud,Solution,2395600.0,7595600.0,31.5,159,2025-04-05,Q1 FY26,No,Inbound
OPP-00528,AE-043,SMB,EMEA,AI Agents,Negotiation,14800.0,84200.0,17.6,145,2025-07-09,Q3 FY25,No,Partner
OPP-00529,AE-050,Enterprise,AMER - Central,Platform,Solution,761700.0,2873100.0,26.5,178,2025-11-28,Q4 FY26,No,Partner
OPP-00530,AE-053,SMB,AMER - Central,Marketing Cloud,Solution,23300.0,74800.0,31.2,46,2026-03-28,Q1 FY25,No,Inbound
OPP-00531,AE-050,Strategic,APAC,Platform,Prospect,1882500.0,10801500.0,17.4,56,2025-04-19,Q3 FY25,No,Outbound
OPP-00532,AE-002,SMB,EMEA,Platform,Prospect,32900.0,190800.0,17.2,39,2025-01-01,Q1 FY26,No,Partner
OPP-00533,AE-046,Mid-Market,APAC,Platform,Negotiation,185700.0,782100.0,23.7,123,2026-03-23,Q1 FY25,No,Outbound
OPP-00534,AE-037,Mid-Market,AMER - West,Data Cloud,Prospect,193100.0,974300.0,19.8,92,2025-12-08,Q4 FY26,No,Outbound
OPP-00535,AE-049,Enterprise,EMEA,Marketing Cloud,Proposal,776600.0,2741300.0,28.3,166,2025-07-27,Q2 FY25,Yes,Marketing
OPP-00536,AE-045,Mid-Market,LATAM,Marketing Cloud,Discovery,108500.0,613600.0,17.7,125,2025-03-28,Q2 FY25,No,Inbound
OPP-00537,AE-025,Mid-Market,EMEA,Sales Cloud,Prospect,53800.0,242000.0,22.2,139,2025-11-12,Q4 FY25,No,Marketing
OPP-00538,AE-008,SMB,EMEA,Service Cloud,Prospect,12200.0,53400.0,22.9,168,2026-06-20,Q1 FY25,No,Renewal
OPP-00539,AE-048,Mid-Market,AMER - West,Service Cloud,Negotiation,84900.0,374700.0,22.7,126,2025-01-20,Q2 FY25,No,Outbound
OPP-00540,AE-004,Mid-Market,LATAM,Marketing Cloud,Negotiation,69600.0,336400.0,20.7,25,2026-04-13,Q3 FY25,No,Outbound
OPP-00541,AE-052,SMB,AMER - West,Service Cloud,Prospect,33800.0,183700.0,18.4,110,2025-12-12,Q4 FY25,No,Marketing
OPP-00542,AE-054,Enterprise,AMER - Central,Service Cloud,Prospect,610500.0,2446000.0,25.0,12,2025-06-27,Q3 FY25,Yes,Inbound
OPP-00543,AE-016,Strategic,EMEA,Data Cloud,Prospect,1613800.0,5325400.0,30.3,11,2025-05-17,Q3 FY25,No,Renewal
OPP-00544,AE-001,Strategic,AMER - West,Sales Cloud,Negotiation,834400.0,4272300.0,19.5,46,2025-04-02,Q4 FY26,No,Partner
OPP-00545,AE-009,Strategic,LATAM,Service Cloud,Negotiation,2542900.0,11619200.0,21.9,37,2025-10-05,Q4 FY26,No,Inbound
OPP-00546,AE-053,SMB,LATAM,Marketing Cloud,Proposal,38700.0,116600.0,33.2,90,2026-03-05,Q2 FY25,Yes,Outbound
OPP-00547,AE-050,SMB,EMEA,AI Agents,Proposal,44500.0,170400.0,26.1,169,2025-08-02,Q4 FY25,Yes,Inbound
OPP-00548,AE-042,Strategic,AMER - West,Marketing Cloud,Solution,1151500.0,4956100.0,23.2,73,2025-08-03,Q1 FY25,No,Marketing
OPP-00549,AE-051,SMB,AMER - East,Sales Cloud,Prospect,12100.0,40500.0,29.9,125,2026-06-12,Q3 FY25,No,Marketing
OPP-00550,AE-050,Enterprise,AMER - East,Sales Cloud,Solution,648300.0,2135600.0,30.4,84,2025-08-22,Q2 FY26,No,Inbound
OPP-00551,AE-057,Strategic,AMER - West,Platform,Closed Won,961800.0,5562700.0,17.3,38,2025-08-10,Q4 FY26,No,Marketing
OPP-00552,AE-013,Enterprise,AMER - Central,Marketing Cloud,Prospect,631900.0,3207900.0,19.7,33,2025-02-02,Q2 FY26,Yes,Inbound
OPP-00553,AE-015,SMB,AMER - Central,Marketing Cloud,Closed Won,28300.0,151900.0,18.6,155,2025-06-10,Q3 FY25,No,Renewal
OPP-00554,AE-027,Mid-Market,AMER - West,Data Cloud,Proposal,132900.0,634600.0,20.9,126,2025-08-10,Q4 FY25,No,Partner
OPP-00555,AE-021,SMB,AMER - East,Platform,Negotiation,39400.0,223600.0,17.6,149,2025-08-16,Q4 FY25,No,Inbound
OPP-00556,AE-050,SMB,LATAM,Data Cloud,Solution,11800.0,54200.0,21.8,9,2026-03-12,Q4 FY26,No,Outbound
OPP-00557,AE-047,Strategic,LATAM,Platform,Solution,982800.0,4005100.0,24.5,56,2025-05-16,Q1 FY25,Yes,Outbound
OPP-00558,AE-048,SMB,APAC,Data Cloud,Solution,22200.0,97500.0,22.8,7,2026-04-11,Q4 FY26,Yes,Marketing
OPP-00559,AE-041,Mid-Market,LATAM,Sales Cloud,Negotiation,105600.0,438700.0,24.1,161,2025-03-14,Q4 FY26,No,Renewal
OPP-00560,AE-006,SMB,LATAM,Data Cloud,Discovery,40100.0,182200.0,22.0,86,2025-02-26,Q4 FY25,No,Partner
OPP-00561,AE-024,SMB,AMER - Central,Service Cloud,Prospect,24600.0,115200.0,21.4,166,2025-03-10,Q1 FY25,No,Inbound
OPP-00562,AE-049,Enterprise,LATAM,Data Cloud,Discovery,268100.0,1410100.0,19.0,180,2025-08-03,Q4 FY26,No,Partner
OPP-00563,AE-004,Enterprise,AMER - Central,Sales Cloud,Closed Won,502100.0,2187800.0,23.0,96,2025-12-20,Q3 FY26,No,Outbound
OPP-00564,AE-040,Strategic,EMEA,Marketing Cloud,Negotiation,2292300.0,8172200.0,28.1,173,2025-03-09,Q1 FY26,No,Outbound
OPP-00565,AE-011,SMB,AMER - West,Marketing Cloud,Solution,17200.0,77200.0,22.3,29,2025-06-01,Q2 FY25,No,Renewal
OPP-00566,AE-023,SMB,EMEA,Platform,Discovery,48800.0,189100.0,25.8,114,2025-01-22,Q3 FY25,Yes,Inbound
OPP-00567,AE-038,Enterprise,EMEA,AI Agents,Solution,405700.0,2241800.0,18.1,179,2026-06-27,Q2 FY26,No,Partner
OPP-00568,AE-031,Mid-Market,AMER - East,Marketing Cloud,Closed Won,96000.0,330700.0,29.0,74,2025-02-18,Q1 FY26,No,Inbound
OPP-00569,AE-045,Mid-Market,LATAM,AI Agents,Negotiation,92800.0,344600.0,26.9,40,2025-06-15,Q3 FY25,Yes,Partner
OPP-00570,AE-046,Mid-Market,APAC,Sales Cloud,Solution,105500.0,626000.0,16.9,171,2025-11-21,Q4 FY25,Yes,Marketing
OPP-00571,AE-060,Mid-Market,EMEA,Platform,Proposal,68200.0,394400.0,17.3,38,2026-04-15,Q1 FY25,Yes,Renewal
OPP-00572,AE-043,Enterprise,APAC,Service Cloud,Proposal,377300.0,1515300.0,24.9,145,2026-03-29,Q1 FY26,Yes,Marketing
OPP-00573,AE-026,SMB,AMER - West,Data Cloud,Prospect,32000.0,130300.0,24.6,57,2026-04-02,Q1 FY26,No,Renewal
OPP-00574,AE-002,Mid-Market,AMER - East,Sales Cloud,Proposal,83300.0,419100.0,19.9,138,2026-04-02,Q1 FY26,No,Renewal
OPP-00575,AE-024,Strategic,LATAM,Platform,Discovery,1499100.0,6159600.0,24.3,38,2026-03-14,Q1 FY25,No,Partner
OPP-00576,AE-047,Enterprise,AMER - East,Platform,Solution,786500.0,3040500.0,25.9,107,2026-03-30,Q2 FY25,No,Marketing
OPP-00577,AE-014,Strategic,AMER - East,Marketing Cloud,Prospect,2091800.0,12467000.0,16.8,122,2026-06-22,Q2 FY25,Yes,Renewal
OPP-00578,AE-012,Strategic,EMEA,Data Cloud,Prospect,1700800.0,6119100.0,27.8,119,2025-05-21,Q1 FY26,No,Partner
OPP-00579,AE-036,Strategic,EMEA,AI Agents,Prospect,2617700.0,8063900.0,32.5,119,2025-08-18,Q1 FY26,Yes,Partner
OPP-00580,AE-042,Enterprise,AMER - West,AI Agents,Closed Lost,700500.0,2478500.0,28.3,74,2026-03-04,Q4 FY26,No,Inbound
OPP-00581,AE-048,SMB,APAC,Marketing Cloud,Prospect,21100.0,99100.0,21.3,149,2026-05-08,Q2 FY25,No,Marketing
OPP-00582,AE-011,SMB,AMER - Central,Data Cloud,Solution,39300.0,155600.0,25.3,15,2025-05-30,Q1 FY25,No,Inbound
OPP-00583,AE-059,Enterprise,LATAM,Marketing Cloud,Prospect,363600.0,1408900.0,25.8,13,2025-10-24,Q3 FY26,No,Outbound
OPP-00584,AE-049,Mid-Market,APAC,Service Cloud,Negotiation,77500.0,435300.0,17.8,140,2025-11-27,Q2 FY25,No,Partner
OPP-00585,AE-038,Enterprise,APAC,Marketing Cloud,Negotiation,613000.0,2090900.0,29.3,37,2025-01-14,Q2 FY25,No,Marketing
OPP-00586,AE-010,Strategic,AMER - East,Data Cloud,Solution,2803700.0,15098800.0,18.6,57,2025-07-12,Q2 FY25,No,Renewal
OPP-00587,AE-060,SMB,AMER - East,Sales Cloud,Solution,46600.0,183400.0,25.4,123,2025-12-23,Q2 FY25,No,Marketing
OPP-00588,AE-009,Enterprise,AMER - East,AI Agents,Prospect,382800.0,1501500.0,25.5,37,2025-08-21,Q2 FY25,Yes,Outbound
OPP-00589,AE-050,Strategic,AMER - West,Platform,Negotiation,2524900.0,9062000.0,27.9,111,2025-02-13,Q2 FY25,Yes,Renewal
OPP-00590,AE-020,SMB,AMER - West,AI Agents,Solution,46300.0,247600.0,18.7,3,2025-04-09,Q1 FY25,No,Inbound
OPP-00591,AE-055,Mid-Market,AMER - East,AI Agents,Discovery,102700.0,416600.0,24.7,72,2025-12-23,Q2 FY25,No,Renewal
OPP-00592,AE-014,Mid-Market,APAC,AI Agents,Proposal,60300.0,212000.0,28.4,50,2025-10-16,Q1 FY25,No,Outbound
OPP-00593,AE-045,SMB,AMER - Central,Data Cloud,Closed Lost,46800.0,235000.0,19.9,48,2026-03-27,Q4 FY26,Yes,Partner
OPP-00594,AE-049,Strategic,AMER - West,Marketing Cloud,Solution,1931400.0,6433400.0,30.0,32,2026-04-23,Q3 FY26,Yes,Partner
OPP-00595,AE-008,Enterprise,EMEA,Platform,Proposal,224400.0,1077400.0,20.8,73,2026-04-13,Q2 FY26,No,Marketing
OPP-00596,AE-055,Mid-Market,AMER - East,Sales Cloud,Proposal,93600.0,331100.0,28.3,122,2026-01-12,Q3 FY26,No,Marketing
OPP-00597,AE-010,SMB,AMER - West,Platform,Solution,30900.0,161400.0,19.1,103,2025-04-15,Q2 FY25,No,Inbound
OPP-00598,AE-055,SMB,APAC,Platform,Solution,18000.0,99300.0,18.1,32,2025-08-27,Q4 FY25,No,Partner
OPP-00599,AE-031,Enterprise,AMER - Central,AI Agents,Negotiation,680600.0,4058100.0,16.8,155,2026-02-19,Q3 FY26,No,Inbound
OPP-00600,AE-041,Strategic,AMER - East,Service Cloud,Prospect,1351500.0,7045900.0,19.2,8,2025-04-12,Q4 FY26,No,Marketing
OPP-00601,AE-020,SMB,AMER - East,Data Cloud,Closed Lost,25300.0,133600.0,18.9,160,2025-04-09,Q2 FY26,No,Renewal
OPP-00602,AE-033,Strategic,EMEA,Marketing Cloud,Negotiation,1244200.0,6754100.0,18.4,139,2025-12-18,Q4 FY26,No,Outbound
OPP-00603,AE-029,SMB,EMEA,Marketing Cloud,Closed Lost,45200.0,197900.0,22.8,97,2026-03-30,Q2 FY25,Yes,Renewal
OPP-00604,AE-020,Enterprise,AMER - East,AI Agents,Closed Won,298500.0,1579700.0,18.9,100,2026-05-15,Q3 FY26,No,Marketing
OPP-00605,AE-017,Strategic,EMEA,Platform,Solution,2679600.0,12998300.0,20.6,152,2026-01-22,Q1 FY25,No,Partner
OPP-00606,AE-023,Enterprise,AMER - Central,AI Agents,Prospect,554300.0,2935300.0,18.9,150,2025-01-28,Q3 FY25,No,Marketing
OPP-00607,AE-004,SMB,AMER - Central,AI Agents,Solution,49700.0,184100.0,27.0,63,2025-09-11,Q3 FY26,No,Outbound
OPP-00608,AE-035,SMB,AMER - West,Marketing Cloud,Closed Won,14600.0,72600.0,20.1,10,2026-04-17,Q3 FY25,No,Renewal
OPP-00609,AE-025,Strategic,AMER - Central,Data Cloud,Discovery,2331100.0,10997200.0,21.2,100,2025-11-27,Q1 FY25,No,Outbound
OPP-00610,AE-040,Mid-Market,AMER - East,Marketing Cloud,Solution,125400.0,452100.0,27.7,94,2026-03-23,Q2 FY26,No,Outbound
OPP-00611,AE-040,Mid-Market,AMER - East,AI Agents,Discovery,57100.0,272700.0,20.9,24,2025-04-08,Q3 FY26,Yes,Renewal
OPP-00612,AE-053,Strategic,LATAM,Marketing Cloud,Solution,1564100.0,6723600.0,23.3,130,2025-11-04,Q2 FY25,No,Inbound
OPP-00613,AE-049,Strategic,LATAM,Data Cloud,Solution,2174900.0,10621200.0,20.5,47,2025-01-20,Q4 FY26,No,Inbound
OPP-00614,AE-060,Strategic,AMER - Central,AI Agents,Discovery,2916700.0,16928300.0,17.2,137,2026-03-21,Q4 FY26,No,Outbound
OPP-00615,AE-044,Mid-Market,LATAM,Marketing Cloud,Solution,72200.0,285600.0,25.3,112,2026-02-25,Q3 FY25,No,Outbound
OPP-00616,AE-011,Mid-Market,LATAM,Marketing Cloud,Closed Won,90000.0,379600.0,23.7,176,2025-08-30,Q1 FY26,Yes,Inbound
OPP-00617,AE-036,SMB,EMEA,Platform,Discovery,43100.0,155400.0,27.7,109,2025-02-07,Q4 FY26,Yes,Outbound
OPP-00618,AE-055,Enterprise,LATAM,Sales Cloud,Negotiation,366700.0,1161000.0,31.6,125,2025-01-21,Q3 FY25,No,Partner
OPP-00619,AE-043,Enterprise,AMER - Central,AI Agents,Closed Won,740300.0,4315600.0,17.2,24,2026-02-11,Q3 FY26,No,Inbound
OPP-00620,AE-043,Mid-Market,APAC,Data Cloud,Prospect,160200.0,719200.0,22.3,135,2025-09-15,Q2 FY25,Yes,Renewal
OPP-00621,AE-048,SMB,LATAM,Service Cloud,Negotiation,22500.0,77200.0,29.1,109,2025-08-12,Q3 FY26,Yes,Partner
OPP-00622,AE-035,Strategic,EMEA,Marketing Cloud,Solution,2698400.0,10657200.0,25.3,180,2025-04-26,Q1 FY25,No,Inbound
OPP-00623,AE-046,Enterprise,EMEA,Marketing Cloud,Closed Won,762200.0,3762400.0,20.3,79,2025-01-22,Q2 FY26,No,Outbound
OPP-00624,AE-036,SMB,AMER - Central,Platform,Negotiation,41600.0,237500.0,17.5,80,2026-01-07,Q4 FY25,No,Renewal
OPP-00625,AE-020,Mid-Market,AMER - Central,Sales Cloud,Closed Won,108300.0,393300.0,27.5,61,2025-11-01,Q3 FY26,No,Marketing
OPP-00626,AE-018,Enterprise,AMER - West,Sales Cloud,Closed Won,660000.0,3439100.0,19.2,126,2026-04-28,Q3 FY26,No,Partner
OPP-00627,AE-017,Strategic,LATAM,Data Cloud,Closed Won,2604500.0,11102000.0,23.5,17,2025-12-27,Q3 FY25,No,Renewal
OPP-00628,AE-042,Enterprise,LATAM,Service Cloud,Solution,216400.0,1162700.0,18.6,162,2026-03-31,Q1 FY25,Yes,Marketing
OPP-00629,AE-011,Mid-Market,AMER - West,Service Cloud,Proposal,97100.0,538000.0,18.0,133,2025-05-14,Q2 FY25,No,Partner
OPP-00630,AE-044,Strategic,AMER - East,Data Cloud,Solution,2417400.0,8692900.0,27.8,84,2025-10-16,Q1 FY26,No,Inbound
OPP-00631,AE-002,Strategic,AMER - West,Data Cloud,Closed Won,2878500.0,16466600.0,17.5,166,2025-08-23,Q4 FY25,No,Inbound
OPP-00632,AE-028,Enterprise,APAC,Data Cloud,Negotiation,301300.0,984400.0,30.6,67,2025-06-02,Q3 FY26,No,Renewal
OPP-00633,AE-032,SMB,LATAM,Sales Cloud,Prospect,31000.0,110700.0,28.0,58,2025-07-28,Q4 FY26,No,Partner
OPP-00634,AE-039,Enterprise,AMER - East,Service Cloud,Negotiation,429200.0,1826200.0,23.5,73,2025-07-13,Q3 FY26,No,Inbound
OPP-00635,AE-024,SMB,AMER - East,Data Cloud,Discovery,20500.0,66800.0,30.7,176,2026-04-15,Q4 FY26,No,Partner
OPP-00636,AE-039,Strategic,LATAM,Marketing Cloud,Negotiation,2369300.0,11067000.0,21.4,19,2025-04-08,Q3 FY26,Yes,Inbound
OPP-00637,AE-017,Strategic,AMER - West,Data Cloud,Closed Won,2992800.0,11694400.0,25.6,159,2026-01-26,Q1 FY25,No,Partner
OPP-00638,AE-011,Mid-Market,AMER - Central,Data Cloud,Closed Lost,133900.0,754400.0,17.8,127,2025-12-14,Q3 FY25,Yes,Partner
OPP-00639,AE-032,Strategic,AMER - East,Marketing Cloud,Prospect,1057100.0,4068500.0,26.0,93,2026-03-17,Q1 FY25,No,Renewal
OPP-00640,AE-048,Enterprise,AMER - Central,Platform,Proposal,461500.0,1458200.0,31.6,39,2026-03-27,Q3 FY25,Yes,Inbound
OPP-00641,AE-008,Mid-Market,EMEA,Platform,Prospect,89000.0,362200.0,24.6,11,2026-03-29,Q4 FY26,No,Marketing
OPP-00642,AE-023,Strategic,AMER - West,Sales Cloud,Solution,2660800.0,9424500.0,28.2,53,2025-10-18,Q3 FY25,Yes,Renewal
OPP-00643,AE-001,Enterprise,APAC,Data Cloud,Proposal,597900.0,2540600.0,23.5,147,2025-07-04,Q4 FY25,Yes,Marketing
OPP-00644,AE-024,SMB,EMEA,Data Cloud,Closed Won,11000.0,38100.0,28.9,28,2025-11-28,Q2 FY25,Yes,Marketing
OPP-00645,AE-003,Strategic,AMER - Central,AI Agents,Proposal,1392500.0,5534800.0,25.2,160,2026-04-09,Q1 FY25,No,Renewal
OPP-00646,AE-052,Mid-Market,AMER - Central,Sales Cloud,Discovery,57300.0,187800.0,30.5,19,2026-01-26,Q1 FY26,Yes,Inbound
OPP-00647,AE-050,Strategic,EMEA,Platform,Prospect,2675200.0,8993500.0,29.7,73,2025-06-07,Q3 FY25,No,Marketing
OPP-00648,AE-007,Enterprise,LATAM,Marketing Cloud,Closed Won,562100.0,2512000.0,22.4,132,2025-07-24,Q2 FY26,No,Marketing
OPP-00649,AE-040,Enterprise,AMER - Central,Service Cloud,Proposal,453800.0,1487900.0,30.5,112,2026-03-13,Q3 FY26,No,Marketing
OPP-00650,AE-041,Mid-Market,APAC,AI Agents,Proposal,157000.0,607900.0,25.8,135,2025-03-27,Q4 FY26,No,Marketing
OPP-00651,AE-034,Enterprise,AMER - East,Platform,Prospect,276700.0,1287500.0,21.5,76,2025-02-18,Q1 FY26,No,Renewal
OPP-00652,AE-047,SMB,LATAM,Data Cloud,Proposal,26500.0,99800.0,26.6,65,2025-12-30,Q4 FY26,Yes,Renewal
OPP-00653,AE-054,SMB,AMER - East,Platform,Prospect,36500.0,155100.0,23.5,12,2025-03-27,Q3 FY25,No,Partner
OPP-00654,AE-059,Strategic,AMER - Central,Service Cloud,Negotiation,1789900.0,5789700.0,30.9,55,2025-07-09,Q1 FY26,No,Partner
OPP-00655,AE-001,SMB,AMER - West,Service Cloud,Solution,10700.0,46900.0,22.8,168,2026-05-04,Q3 FY26,No,Renewal
OPP-00656,AE-044,Strategic,LATAM,AI Agents,Discovery,2588900.0,14016100.0,18.5,173,2026-02-09,Q2 FY26,Yes,Inbound
OPP-00657,AE-014,SMB,AMER - West,Platform,Discovery,42600.0,210800.0,20.2,167,2025-05-29,Q4 FY25,No,Renewal
OPP-00658,AE-028,Mid-Market,EMEA,Sales Cloud,Prospect,165500.0,944500.0,17.5,30,2025-06-20,Q3 FY25,No,Marketing
OPP-00659,AE-019,Strategic,AMER - East,Data Cloud,Solution,2691600.0,10770600.0,25.0,101,2025-02-22,Q4 FY25,Yes,Marketing
OPP-00660,AE-032,Strategic,AMER - West,Platform,Closed Won,2421600.0,11558600.0,21.0,125,2026-06-10,Q1 FY26,No,Marketing
OPP-00661,AE-021,Mid-Market,APAC,Data Cloud,Negotiation,129200.0,733700.0,17.6,17,2025-10-02,Q3 FY26,No,Marketing
OPP-00662,AE-045,SMB,EMEA,Platform,Solution,47600.0,183900.0,25.9,6,2025-06-15,Q2 FY26,Yes,Partner
OPP-00663,AE-055,Strategic,APAC,AI Agents,Discovery,1283300.0,4354800.0,29.5,169,2026-04-25,Q2 FY26,No,Marketing
OPP-00664,AE-052,Strategic,EMEA,Service Cloud,Closed Won,2280800.0,8775100.0,26.0,160,2025-08-01,Q2 FY26,No,Marketing
OPP-00665,AE-051,Mid-Market,AMER - West,Platform,Prospect,73400.0,271900.0,27.0,127,2025-11-07,Q4 FY26,No,Outbound
OPP-00666,AE-053,Enterprise,AMER - East,Data Cloud,Closed Won,414200.0,1662300.0,24.9,9,2025-03-07,Q3 FY25,Yes,Inbound
OPP-00667,AE-050,SMB,AMER - Central,Sales Cloud,Proposal,29500.0,167800.0,17.6,143,2025-10-01,Q2 FY26,No,Renewal
OPP-00668,AE-054,SMB,EMEA,Sales Cloud,Negotiation,47100.0,257700.0,18.3,28,2025-04-15,Q4 FY26,Yes,Outbound
OPP-00669,AE-047,Mid-Market,AMER - East,Marketing Cloud,Proposal,180600.0,811800.0,22.2,114,2026-06-03,Q2 FY26,No,Inbound
OPP-00670,AE-027,Enterprise,EMEA,Sales Cloud,Solution,282700.0,1137600.0,24.9,63,2026-05-01,Q4 FY25,No,Outbound
OPP-00671,AE-043,Enterprise,LATAM,Service Cloud,Solution,652900.0,2784700.0,23.4,39,2026-06-27,Q2 FY26,Yes,Marketing
OPP-00672,AE-029,Strategic,AMER - West,Service Cloud,Closed Won,2775700.0,16184900.0,17.1,3,2026-06-14,Q2 FY26,Yes,Partner
OPP-00673,AE-049,Strategic,EMEA,Sales Cloud,Closed Lost,1161500.0,6629300.0,17.5,170,2025-06-04,Q1 FY25,Yes,Renewal
OPP-00674,AE-048,Enterprise,LATAM,Marketing Cloud,Solution,731500.0,4009400.0,18.2,89,2025-01-09,Q1 FY26,No,Renewal
OPP-00675,AE-040,Mid-Market,APAC,Data Cloud,Negotiation,116900.0,595300.0,19.6,167,2026-03-29,Q4 FY25,No,Marketing
OPP-00676,AE-047,Mid-Market,EMEA,AI Agents,Closed Won,62600.0,374100.0,16.7,33,2026-06-17,Q2 FY26,No,Outbound
OPP-00677,AE-002,Enterprise,AMER - West,Data Cloud,Proposal,654200.0,2436300.0,26.9,152,2025-09-22,Q3 FY25,No,Marketing
OPP-00678,AE-033,SMB,LATAM,Marketing Cloud,Negotiation,43700.0,230300.0,19.0,32,2025-02-18,Q1 FY26,No,Marketing
OPP-00679,AE-052,Enterprise,AMER - East,AI Agents,Proposal,203100.0,1123900.0,18.1,149,2026-07-01,Q2 FY26,Yes,Partner
OPP-00680,AE-025,Enterprise,LATAM,Data Cloud,Proposal,689000.0,2744700.0,25.1,64,2025-04-18,Q3 FY25,No,Partner
OPP-00681,AE-006,Strategic,AMER - West,Sales Cloud,Prospect,2365600.0,10476700.0,22.6,109,2025-05-14,Q3 FY26,No,Partner
OPP-00682,AE-038,Strategic,AMER - Central,Platform,Proposal,1941700.0,11629900.0,16.7,163,2026-03-10,Q3 FY26,No,Marketing
OPP-00683,AE-046,Strategic,EMEA,Platform,Closed Won,1117600.0,6247200.0,17.9,34,2026-06-10,Q3 FY25,Yes,Inbound
OPP-00684,AE-039,Strategic,AMER - West,Platform,Solution,2442300.0,10034800.0,24.3,29,2025-05-04,Q2 FY26,No,Renewal
OPP-00685,AE-019,Mid-Market,AMER - Central,Platform,Prospect,95700.0,327900.0,29.2,8,2025-05-27,Q2 FY26,No,Outbound
OPP-00686,AE-008,Enterprise,AMER - West,Data Cloud,Closed Won,329300.0,1847800.0,17.8,90,2025-03-11,Q4 FY26,No,Renewal
OPP-00687,AE-054,Enterprise,EMEA,AI Agents,Proposal,740200.0,3912600.0,18.9,156,2025-05-16,Q3 FY26,No,Marketing
OPP-00688,AE-052,Strategic,AMER - West,Data Cloud,Proposal,1127800.0,4693600.0,24.0,171,2026-02-24,Q2 FY26,No,Partner
OPP-00689,AE-006,SMB,LATAM,Service Cloud,Closed Lost,45600.0,213600.0,21.4,7,2025-11-13,Q1 FY26,Yes,Renewal
OPP-00690,AE-034,SMB,APAC,Service Cloud,Discovery,34700.0,197500.0,17.6,122,2026-05-30,Q1 FY25,Yes,Renewal
OPP-00691,AE-054,Mid-Market,AMER - East,AI Agents,Closed Lost,91200.0,296800.0,30.7,149,2026-03-31,Q4 FY25,No,Partner
OPP-00692,AE-028,Strategic,AMER - Central,Service Cloud,Proposal,1881200.0,10495100.0,17.9,107,2025-01-25,Q1 FY25,No,Partner
OPP-00693,AE-010,SMB,AMER - Central,Service Cloud,Prospect,14000.0,48500.0,28.9,66,2025-04-02,Q3 FY25,No,Inbound
OPP-00694,AE-004,SMB,LATAM,Marketing Cloud,Proposal,23000.0,91100.0,25.3,100,2025-04-12,Q1 FY25,No,Partner
OPP-00695,AE-013,Enterprise,AMER - West,Service Cloud,Solution,696600.0,3120000.0,22.3,153,2025-08-31,Q2 FY25,No,Marketing
OPP-00696,AE-031,SMB,AMER - West,Sales Cloud,Discovery,22700.0,130300.0,17.4,105,2025-08-28,Q3 FY26,Yes,Renewal
OPP-00697,AE-037,SMB,AMER - Central,Platform,Discovery,32200.0,178400.0,18.1,115,2025-03-27,Q3 FY25,No,Inbound
OPP-00698,AE-028,Enterprise,APAC,Data Cloud,Proposal,300900.0,903600.0,33.3,116,2025-02-12,Q4 FY25,No,Renewal
OPP-00699,AE-018,Enterprise,EMEA,Data Cloud,Proposal,300400.0,1801700.0,16.7,65,2026-01-25,Q1 FY25,No,Inbound
OPP-00700,AE-006,Enterprise,AMER - Central,Platform,Prospect,643500.0,3533800.0,18.2,179,2025-05-06,Q2 FY25,No,Partner
OPP-00701,AE-022,Strategic,LATAM,AI Agents,Discovery,1910600.0,7296700.0,26.2,67,2026-04-09,Q2 FY26,No,Partner
OPP-00702,AE-059,Enterprise,AMER - West,AI Agents,Discovery,775400.0,3742400.0,20.7,35,2025-01-03,Q2 FY26,Yes,Outbound
OPP-00703,AE-035,Mid-Market,EMEA,Sales Cloud,Solution,184300.0,850700.0,21.7,167,2025-03-21,Q4 FY26,No,Marketing
OPP-00704,AE-012,SMB,EMEA,AI Agents,Solution,42500.0,186500.0,22.8,3,2025-05-08,Q2 FY26,No,Marketing
OPP-00705,AE-059,SMB,LATAM,AI Agents,Discovery,10800.0,35300.0,30.6,92,2025-07-16,Q1 FY26,No,Partner
OPP-00706,AE-018,Mid-Market,AMER - West,Platform,Discovery,124100.0,375000.0,33.1,156,2025-08-03,Q2 FY26,No,Marketing
OPP-00707,AE-036,SMB,AMER - East,Service Cloud,Closed Won,32800.0,104800.0,31.3,169,2025-06-29,Q4 FY26,Yes,Outbound
OPP-00708,AE-047,Mid-Market,APAC,Marketing Cloud,Discovery,135500.0,809700.0,16.7,50,2025-01-24,Q4 FY25,No,Renewal
OPP-00709,AE-042,Enterprise,EMEA,AI Agents,Negotiation,729900.0,4059400.0,18.0,167,2025-02-23,Q1 FY25,No,Marketing
OPP-00710,AE-034,Enterprise,AMER - Central,Sales Cloud,Prospect,511000.0,1959100.0,26.1,58,2025-02-18,Q4 FY26,No,Marketing
OPP-00711,AE-052,Enterprise,APAC,Sales Cloud,Prospect,316800.0,1860700.0,17.0,58,2026-03-10,Q2 FY25,No,Inbound
OPP-00712,AE-031,Mid-Market,AMER - West,Platform,Discovery,59400.0,328000.0,18.1,7,2025-12-09,Q2 FY25,Yes,Marketing
OPP-00713,AE-051,Mid-Market,APAC,Service Cloud,Closed Lost,174900.0,925600.0,18.9,19,2026-03-26,Q2 FY26,No,Renewal
OPP-00714,AE-021,SMB,EMEA,AI Agents,Prospect,12400.0,39500.0,31.4,17,2025-05-11,Q1 FY25,No,Outbound
OPP-00715,AE-004,Enterprise,LATAM,Data Cloud,Proposal,459100.0,2547900.0,18.0,14,2025-10-29,Q2 FY25,No,Renewal
OPP-00716,AE-025,Strategic,EMEA,Platform,Discovery,2119100.0,8516300.0,24.9,110,2025-04-14,Q1 FY25,No,Outbound
OPP-00717,AE-001,Strategic,AMER - West,Data Cloud,Proposal,2093200.0,11958700.0,17.5,18,2025-07-18,Q2 FY25,Yes,Renewal
OPP-00718,AE-016,Enterprise,AMER - East,Service Cloud,Solution,488800.0,1653600.0,29.6,12,2025-03-03,Q4 FY26,No,Renewal
OPP-00719,AE-031,Enterprise,AMER - East,Marketing Cloud,Discovery,731100.0,2831700.0,25.8,155,2025-12-18,Q3 FY25,No,Renewal
OPP-00720,AE-023,Mid-Market,EMEA,Service Cloud,Prospect,126100.0,675400.0,18.7,52,2025-07-26,Q1 FY25,No,Marketing
OPP-00721,AE-020,Strategic,APAC,Platform,Proposal,1528500.0,5066300.0,30.2,85,2025-06-16,Q2 FY26,No,Outbound
OPP-00722,AE-015,Strategic,LATAM,Platform,Discovery,808100.0,3003800.0,26.9,160,2025-08-07,Q4 FY25,No,Partner
OPP-00723,AE-001,Strategic,AMER - Central,Sales Cloud,Discovery,1205300.0,5621600.0,21.4,92,2025-01-31,Q1 FY25,Yes,Marketing
OPP-00724,AE-002,Mid-Market,AMER - West,Service Cloud,Proposal,186900.0,658300.0,28.4,51,2025-10-18,Q2 FY26,No,Inbound
OPP-00725,AE-012,Enterprise,AMER - West,Marketing Cloud,Closed Won,347600.0,1909800.0,18.2,26,2025-01-22,Q4 FY25,Yes,Outbound
OPP-00726,AE-052,Enterprise,AMER - Central,Marketing Cloud,Closed Lost,383000.0,2230400.0,17.2,170,2025-06-25,Q4 FY25,No,Renewal
OPP-00727,AE-051,Strategic,AMER - East,Service Cloud,Closed Won,943800.0,3902200.0,24.2,50,2026-06-30,Q3 FY25,No,Renewal
OPP-00728,AE-038,Strategic,APAC,Service Cloud,Closed Lost,1338000.0,7183400.0,18.6,138,2025-10-29,Q1 FY25,No,Outbound
OPP-00729,AE-047,Enterprise,AMER - East,Sales Cloud,Closed Won,710900.0,2489800.0,28.6,121,2025-03-08,Q4 FY26,No,Renewal
OPP-00730,AE-024,Enterprise,LATAM,Data Cloud,Solution,478600.0,2463300.0,19.4,178,2026-05-10,Q2 FY26,No,Partner
OPP-00731,AE-015,Strategic,AMER - East,Service Cloud,Proposal,2539400.0,10634200.0,23.9,116,2025-08-29,Q1 FY25,No,Marketing
OPP-00732,AE-049,Mid-Market,AMER - East,Sales Cloud,Closed Lost,106100.0,483400.0,21.9,76,2026-04-01,Q2 FY25,Yes,Outbound
OPP-00733,AE-028,Strategic,EMEA,Platform,Proposal,1540000.0,6084600.0,25.3,95,2026-05-25,Q4 FY26,No,Inbound
OPP-00734,AE-019,Strategic,AMER - West,Data Cloud,Discovery,2219800.0,11892800.0,18.7,132,2025-03-22,Q2 FY26,No,Outbound
OPP-00735,AE-013,SMB,AMER - Central,AI Agents,Prospect,11500.0,44900.0,25.6,85,2025-09-14,Q4 FY25,No,Partner
OPP-00736,AE-050,Mid-Market,AMER - West,Marketing Cloud,Negotiation,199700.0,1068300.0,18.7,73,2025-12-21,Q1 FY26,No,Marketing
OPP-00737,AE-015,SMB,EMEA,Service Cloud,Solution,30500.0,112900.0,27.0,54,2026-05-01,Q3 FY25,No,Renewal
OPP-00738,AE-055,Strategic,AMER - Central,Service Cloud,Negotiation,1815100.0,6586600.0,27.6,110,2026-03-04,Q2 FY25,No,Renewal
OPP-00739,AE-048,SMB,AMER - Central,Sales Cloud,Solution,33100.0,133000.0,24.9,128,2025-12-30,Q3 FY25,No,Marketing
OPP-00740,AE-010,Enterprise,AMER - East,Marketing Cloud,Discovery,213900.0,1270700.0,16.8,146,2026-02-05,Q1 FY25,Yes,Marketing
OPP-00741,AE-037,SMB,AMER - Central,Platform,Proposal,17500.0,57400.0,30.5,164,2025-11-08,Q2 FY25,Yes,Renewal
OPP-00742,AE-012,Mid-Market,AMER - West,Service Cloud,Prospect,153400.0,590800.0,26.0,18,2026-01-31,Q4 FY26,Yes,Renewal
OPP-00743,AE-021,SMB,AMER - East,Platform,Solution,24700.0,147400.0,16.8,101,2025-06-10,Q1 FY25,Yes,Marketing
OPP-00744,AE-056,Strategic,AMER - East,Service Cloud,Negotiation,1655800.0,9030200.0,18.3,80,2026-03-19,Q4 FY25,No,Inbound
OPP-00745,AE-013,Enterprise,AMER - Central,Sales Cloud,Proposal,501500.0,1600700.0,31.3,37,2026-04-02,Q4 FY26,No,Inbound
OPP-00746,AE-037,Enterprise,EMEA,Sales Cloud,Closed Won,727500.0,3593000.0,20.2,24,2025-10-22,Q4 FY26,No,Partner
OPP-00747,AE-016,Enterprise,EMEA,Service Cloud,Solution,694100.0,3035600.0,22.9,159,2026-03-19,Q3 FY25,No,Inbound
OPP-00748,AE-018,SMB,AMER - East,AI Agents,Solution,47800.0,239000.0,20.0,138,2025-10-26,Q4 FY25,Yes,Inbound
OPP-00749,AE-005,Strategic,AMER - Central,Sales Cloud,Solution,2476100.0,10474600.0,23.6,130,2025-11-30,Q2 FY25,Yes,Inbound
OPP-00750,AE-022,SMB,EMEA,AI Agents,Solution,12900.0,54100.0,23.9,103,2025-07-19,Q4 FY26,Yes,Outbound
OPP-00751,AE-005,Mid-Market,EMEA,Sales Cloud,Discovery,162300.0,834300.0,19.5,141,2025-09-06,Q4 FY26,No,Marketing
OPP-00752,AE-007,Enterprise,APAC,Service Cloud,Closed Won,302400.0,1392200.0,21.7,76,2025-05-08,Q1 FY25,No,Outbound
OPP-00753,AE-014,SMB,AMER - East,AI Agents,Proposal,16100.0,58700.0,27.4,9,2026-06-30,Q2 FY26,No,Renewal
OPP-00754,AE-001,SMB,APAC,Sales Cloud,Solution,22300.0,129000.0,17.3,97,2025-07-26,Q1 FY25,No,Inbound
OPP-00755,AE-053,Mid-Market,AMER - Central,Service Cloud,Prospect,113300.0,414900.0,27.3,175,2025-03-06,Q1 FY25,No,Inbound
OPP-00756,AE-036,Mid-Market,AMER - Central,AI Agents,Prospect,126900.0,736400.0,17.2,49,2025-08-01,Q2 FY26,No,Marketing
OPP-00757,AE-001,SMB,AMER - East,Platform,Discovery,14200.0,43100.0,32.9,168,2025-11-20,Q2 FY26,Yes,Inbound
OPP-00758,AE-005,SMB,AMER - West,Service Cloud,Proposal,21100.0,111900.0,18.9,106,2025-11-05,Q2 FY26,No,Outbound
OPP-00759,AE-045,Mid-Market,LATAM,Platform,Discovery,64200.0,256600.0,25.0,174,2025-05-17,Q2 FY26,No,Partner
OPP-00760,AE-033,Strategic,EMEA,AI Agents,Prospect,838800.0,3994700.0,21.0,60,2026-05-31,Q4 FY26,No,Inbound
OPP-00761,AE-048,SMB,AMER - East,Platform,Proposal,45900.0,146000.0,31.4,63,2025-03-23,Q1 FY26,No,Partner
OPP-00762,AE-060,Mid-Market,AMER - East,AI Agents,Prospect,80700.0,421100.0,19.2,154,2026-03-31,Q1 FY25,No,Partner
OPP-00763,AE-053,Enterprise,LATAM,Marketing Cloud,Proposal,656300.0,3636400.0,18.0,7,2025-08-23,Q3 FY26,No,Inbound
OPP-00764,AE-045,Mid-Market,LATAM,AI Agents,Proposal,186000.0,849000.0,21.9,57,2026-01-26,Q4 FY25,Yes,Outbound
OPP-00765,AE-041,SMB,AMER - West,Service Cloud,Closed Won,12800.0,41900.0,30.5,53,2025-05-09,Q4 FY25,No,Inbound
OPP-00766,AE-011,Mid-Market,AMER - Central,AI Agents,Proposal,113900.0,486600.0,23.4,51,2025-09-08,Q4 FY26,No,Partner
OPP-00767,AE-056,Enterprise,AMER - Central,Platform,Proposal,780600.0,3274400.0,23.8,21,2026-01-04,Q4 FY25,Yes,Marketing
OPP-00768,AE-002,Strategic,EMEA,Platform,Proposal,2416800.0,12752400.0,19.0,110,2025-03-27,Q3 FY25,No,Renewal
OPP-00769,AE-020,Mid-Market,EMEA,Platform,Proposal,76400.0,358000.0,21.3,73,2026-01-20,Q3 FY26,No,Partner
OPP-00770,AE-001,Mid-Market,AMER - West,Data Cloud,Negotiation,79400.0,334600.0,23.7,96,2026-05-19,Q4 FY25,No,Marketing
OPP-00771,AE-057,Enterprise,EMEA,Sales Cloud,Solution,384700.0,2229900.0,17.3,32,2026-01-30,Q2 FY25,Yes,Marketing
OPP-00772,AE-046,Enterprise,APAC,Platform,Negotiation,650900.0,3312700.0,19.6,163,2026-01-13,Q2 FY26,No,Marketing
OPP-00773,AE-046,Mid-Market,LATAM,AI Agents,Discovery,55200.0,208900.0,26.4,8,2025-06-01,Q2 FY26,No,Inbound
OPP-00774,AE-008,Enterprise,AMER - West,Sales Cloud,Discovery,547000.0,2293600.0,23.8,165,2026-01-29,Q3 FY25,No,Outbound
OPP-00775,AE-045,Mid-Market,AMER - Central,Marketing Cloud,Closed Won,74900.0,372700.0,20.1,129,2026-06-30,Q3 FY26,No,Partner
OPP-00776,AE-041,Strategic,AMER - West,Data Cloud,Negotiation,2833500.0,10787300.0,26.3,89,2025-05-27,Q2 FY25,Yes,Marketing
OPP-00777,AE-007,Enterprise,AMER - West,Sales Cloud,Prospect,301000.0,1377000.0,21.9,179,2026-03-04,Q4 FY26,No,Marketing
OPP-00778,AE-032,Mid-Market,AMER - East,Service Cloud,Prospect,78000.0,339500.0,23.0,129,2025-04-23,Q3 FY25,No,Inbound
OPP-00779,AE-058,Mid-Market,AMER - Central,Platform,Prospect,77400.0,433800.0,17.8,113,2025-04-22,Q4 FY25,Yes,Partner
OPP-00780,AE-038,SMB,AMER - West,Service Cloud,Solution,21100.0,105900.0,19.9,123,2026-05-12,Q2 FY26,Yes,Outbound
OPP-00781,AE-014,Enterprise,AMER - West,Data Cloud,Negotiation,204300.0,982500.0,20.8,2,2026-01-20,Q1 FY25,No,Partner
OPP-00782,AE-024,Strategic,AMER - Central,AI Agents,Solution,1541500.0,8402000.0,18.3,88,2025-11-19,Q3 FY26,No,Marketing
OPP-00783,AE-001,Strategic,AMER - West,Platform,Proposal,2945700.0,15245900.0,19.3,179,2026-02-16,Q2 FY26,No,Inbound
OPP-00784,AE-049,SMB,LATAM,Service Cloud,Proposal,44800.0,217500.0,20.6,95,2026-04-08,Q1 FY26,No,Marketing
OPP-00785,AE-041,Strategic,AMER - West,Marketing Cloud,Proposal,806900.0,4061800.0,19.9,12,2025-11-30,Q2 FY26,Yes,Marketing
OPP-00786,AE-060,Strategic,EMEA,Platform,Negotiation,2546700.0,13250100.0,19.2,169,2025-04-13,Q2 FY26,No,Inbound
OPP-00787,AE-032,Mid-Market,AMER - East,Sales Cloud,Closed Won,181400.0,635700.0,28.5,78,2026-04-24,Q1 FY25,No,Outbound
OPP-00788,AE-049,Strategic,AMER - East,AI Agents,Proposal,1330000.0,4410800.0,30.2,180,2025-04-02,Q4 FY25,No,Outbound
OPP-00789,AE-015,Mid-Market,AMER - Central,AI Agents,Closed Lost,99000.0,579600.0,17.1,66,2026-05-03,Q3 FY26,No,Inbound
OPP-00790,AE-050,Strategic,APAC,Data Cloud,Prospect,2321900.0,9591800.0,24.2,17,2025-12-18,Q4 FY25,No,Marketing
OPP-00791,AE-006,Strategic,AMER - Central,Sales Cloud,Closed Won,1291800.0,6745400.0,19.2,23,2025-12-15,Q2 FY25,No,Outbound
OPP-00792,AE-048,Enterprise,APAC,Sales Cloud,Prospect,388000.0,1850800.0,21.0,80,2025-03-05,Q3 FY26,Yes,Marketing
OPP-00793,AE-043,Strategic,APAC,Data Cloud,Discovery,1603100.0,5321900.0,30.1,152,2025-08-16,Q3 FY25,Yes,Marketing
OPP-00794,AE-044,Enterprise,EMEA,Platform,Prospect,765700.0,2632200.0,29.1,38,2025-10-18,Q4 FY25,No,Outbound
OPP-00795,AE-055,Enterprise,AMER - Central,AI Agents,Discovery,794200.0,3886200.0,20.4,147,2026-05-05,Q2 FY25,Yes,Partner
OPP-00796,AE-014,Strategic,LATAM,AI Agents,Prospect,2582500.0,14899700.0,17.3,58,2025-02-23,Q3 FY25,No,Marketing
OPP-00797,AE-036,Strategic,AMER - West,Platform,Discovery,2593000.0,13052400.0,19.9,87,2026-03-09,Q3 FY25,No,Marketing
OPP-00798,AE-060,Strategic,LATAM,Service Cloud,Prospect,2398900.0,7897100.0,30.4,180,2026-02-08,Q1 FY26,No,Renewal
OPP-00799,AE-011,SMB,LATAM,Data Cloud,Closed Won,38400.0,195400.0,19.7,36,2026-03-29,Q4 FY26,No,Inbound
OPP-00800,AE-047,Mid-Market,AMER - Central,Data Cloud,Discovery,162300.0,670200.0,24.2,27,2025-06-01,Q1 FY25,No,Inbound
OPP-00801,AE-008,SMB,AMER - West,Data Cloud,Prospect,49000.0,234200.0,20.9,167,2025-12-13,Q3 FY25,No,Marketing
OPP-00802,AE-045,Mid-Market,AMER - Central,Data Cloud,Prospect,86100.0,458700.0,18.8,45,2026-01-20,Q4 FY26,No,Outbound
OPP-00803,AE-042,Strategic,LATAM,Platform,Closed Won,2230700.0,7495200.0,29.8,95,2025-01-12,Q1 FY26,Yes,Marketing
OPP-00804,AE-045,Mid-Market,AMER - Central,AI Agents,Prospect,135900.0,564200.0,24.1,25,2025-07-05,Q4 FY26,No,Marketing
OPP-00805,AE-059,Enterprise,LATAM,Data Cloud,Proposal,259700.0,1412400.0,18.4,48,2026-02-20,Q2 FY25,Yes,Renewal
OPP-00806,AE-043,Strategic,AMER - East,Sales Cloud,Prospect,2641700.0,7967300.0,33.2,47,2025-07-04,Q2 FY25,No,Partner
OPP-00807,AE-036,SMB,AMER - West,Marketing Cloud,Prospect,33000.0,196000.0,16.8,9,2025-03-28,Q3 FY25,No,Partner
OPP-00808,AE-020,Mid-Market,AMER - East,Sales Cloud,Solution,191800.0,954700.0,20.1,133,2025-10-28,Q1 FY25,No,Renewal
OPP-00809,AE-035,Strategic,APAC,Data Cloud,Negotiation,1949900.0,9725800.0,20.0,54,2025-04-12,Q2 FY26,Yes,Outbound
OPP-00810,AE-039,Mid-Market,AMER - East,Data Cloud,Prospect,178400.0,683700.0,26.1,56,2026-01-03,Q4 FY25,No,Marketing
OPP-00811,AE-030,SMB,EMEA,Sales Cloud,Proposal,20400.0,118700.0,17.2,66,2026-03-12,Q3 FY25,Yes,Inbound
OPP-00812,AE-024,SMB,LATAM,Data Cloud,Proposal,20800.0,100100.0,20.8,169,2026-06-08,Q4 FY25,No,Inbound
OPP-00813,AE-016,Enterprise,APAC,Sales Cloud,Closed Lost,460200.0,2114300.0,21.8,70,2025-05-08,Q1 FY25,No,Marketing
OPP-00814,AE-010,SMB,AMER - Central,Service Cloud,Discovery,13600.0,44800.0,30.4,71,2025-01-11,Q2 FY26,No,Inbound
OPP-00815,AE-034,Strategic,AMER - East,AI Agents,Closed Lost,2522000.0,8288900.0,30.4,79,2026-05-17,Q2 FY25,No,Renewal
OPP-00816,AE-021,Enterprise,AMER - East,Platform,Proposal,564500.0,3058600.0,18.5,47,2025-12-20,Q1 FY25,No,Renewal
OPP-00817,AE-033,Strategic,LATAM,AI Agents,Solution,1080700.0,3704700.0,29.2,40,2025-05-10,Q1 FY25,No,Partner
OPP-00818,AE-050,SMB,LATAM,Service Cloud,Closed Won,35600.0,182300.0,19.5,174,2026-03-05,Q2 FY26,Yes,Partner
OPP-00819,AE-046,Strategic,APAC,Service Cloud,Proposal,1406800.0,8219000.0,17.1,79,2025-03-31,Q3 FY26,No,Partner
OPP-00820,AE-011,SMB,AMER - West,Data Cloud,Proposal,13100.0,68500.0,19.1,15,2025-03-28,Q4 FY25,No,Marketing
OPP-00821,AE-032,SMB,EMEA,Data Cloud,Closed Lost,27000.0,137500.0,19.6,176,2026-06-30,Q3 FY25,No,Renewal
OPP-00822,AE-035,Mid-Market,LATAM,AI Agents,Closed Won,161900.0,968600.0,16.7,89,2025-09-08,Q3 FY26,No,Renewal
OPP-00823,AE-005,SMB,AMER - East,Marketing Cloud,Proposal,48600.0,197300.0,24.6,35,2026-06-11,Q4 FY25,Yes,Marketing
OPP-00824,AE-016,Strategic,LATAM,Data Cloud,Prospect,2933400.0,11433000.0,25.7,31,2025-10-25,Q2 FY26,No,Inbound
OPP-00825,AE-060,SMB,AMER - Central,AI Agents,Negotiation,32800.0,190400.0,17.2,132,2025-02-06,Q4 FY25,No,Marketing
OPP-00826,AE-023,SMB,AMER - Central,Sales Cloud,Solution,34600.0,196200.0,17.6,2,2025-12-25,Q2 FY26,Yes,Partner
OPP-00827,AE-033,SMB,APAC,Service Cloud,Prospect,29700.0,170500.0,17.4,106,2025-05-07,Q2 FY25,Yes,Partner
OPP-00828,AE-058,Mid-Market,EMEA,Service Cloud,Solution,106100.0,352900.0,30.1,138,2025-10-03,Q2 FY26,No,Marketing
OPP-00829,AE-057,Mid-Market,AMER - Central,AI Agents,Prospect,162100.0,578500.0,28.0,51,2025-04-24,Q1 FY25,Yes,Marketing
OPP-00830,AE-013,Strategic,LATAM,Platform,Negotiation,2782200.0,9338100.0,29.8,171,2025-09-30,Q3 FY25,No,Marketing
OPP-00831,AE-047,Mid-Market,APAC,AI Agents,Discovery,164700.0,548300.0,30.0,100,2025-05-15,Q3 FY26,Yes,Outbound
OPP-00832,AE-044,Mid-Market,AMER - West,Marketing Cloud,Prospect,125000.0,537900.0,23.2,110,2025-01-09,Q4 FY25,No,Marketing
OPP-00833,AE-033,SMB,LATAM,Service Cloud,Negotiation,19900.0,105500.0,18.9,64,2025-10-15,Q3 FY25,No,Inbound
OPP-00834,AE-047,Strategic,LATAM,Data Cloud,Discovery,2354200.0,8395100.0,28.0,157,2025-07-05,Q2 FY25,No,Inbound
OPP-00835,AE-060,Mid-Market,AMER - East,Service Cloud,Prospect,110200.0,534400.0,20.6,110,2025-01-19,Q1 FY26,Yes,Outbound
OPP-00836,AE-022,Strategic,AMER - East,Platform,Solution,1474200.0,6677500.0,22.1,123,2025-03-04,Q4 FY25,No,Partner
OPP-00837,AE-027,SMB,LATAM,Service Cloud,Discovery,21200.0,75200.0,28.2,82,2025-02-18,Q2 FY26,Yes,Partner
OPP-00838,AE-012,Mid-Market,EMEA,Marketing Cloud,Discovery,92000.0,368300.0,25.0,126,2026-01-08,Q2 FY25,Yes,Outbound
OPP-00839,AE-050,Mid-Market,LATAM,Data Cloud,Solution,161200.0,598800.0,26.9,136,2026-01-16,Q2 FY26,Yes,Renewal
OPP-00840,AE-038,Strategic,AMER - West,AI Agents,Prospect,1034000.0,5287900.0,19.6,49,2025-07-17,Q2 FY25,No,Outbound
OPP-00841,AE-047,Enterprise,APAC,Service Cloud,Discovery,484500.0,1732100.0,28.0,12,2025-05-11,Q4 FY25,No,Partner
OPP-00842,AE-005,Enterprise,EMEA,Platform,Closed Won,469100.0,2718000.0,17.3,108,2026-06-21,Q2 FY25,No,Outbound
OPP-00843,AE-003,Mid-Market,AMER - Central,Data Cloud,Proposal,154500.0,806800.0,19.1,16,2025-07-14,Q3 FY25,No,Renewal
OPP-00844,AE-050,SMB,APAC,Platform,Prospect,40000.0,144800.0,27.6,103,2025-10-06,Q3 FY26,Yes,Renewal
OPP-00845,AE-046,Mid-Market,APAC,AI Agents,Proposal,51300.0,200600.0,25.6,135,2025-09-23,Q4 FY26,Yes,Partner
OPP-00846,AE-003,SMB,AMER - Central,AI Agents,Prospect,11800.0,68200.0,17.3,38,2025-10-12,Q4 FY25,Yes,Outbound
OPP-00847,AE-042,Mid-Market,AMER - West,Marketing Cloud,Closed Lost,81500.0,323900.0,25.2,162,2026-01-13,Q2 FY25,No,Renewal
OPP-00848,AE-004,Enterprise,AMER - Central,AI Agents,Negotiation,445000.0,1627700.0,27.3,3,2025-12-31,Q1 FY26,No,Inbound
OPP-00849,AE-048,Enterprise,LATAM,AI Agents,Closed Lost,522400.0,2930700.0,17.8,98,2025-09-21,Q2 FY25,No,Renewal
OPP-00850,AE-038,Mid-Market,AMER - East,AI Agents,Closed Won,83100.0,360500.0,23.1,102,2025-06-09,Q1 FY26,No,Marketing
OPP-00851,AE-030,Enterprise,AMER - East,Service Cloud,Prospect,487400.0,2295200.0,21.2,46,2025-07-13,Q4 FY26,No,Inbound
OPP-00852,AE-044,Enterprise,EMEA,Data Cloud,Prospect,297800.0,1021600.0,29.1,49,2025-03-13,Q3 FY25,No,Marketing
OPP-00853,AE-007,Strategic,APAC,Platform,Prospect,1958900.0,6523300.0,30.0,99,2025-01-22,Q1 FY25,Yes,Outbound
OPP-00854,AE-039,Mid-Market,LATAM,Sales Cloud,Discovery,62500.0,289200.0,21.6,3,2025-04-19,Q3 FY25,No,Outbound
OPP-00855,AE-020,Mid-Market,AMER - East,Marketing Cloud,Prospect,164000.0,612000.0,26.8,123,2025-06-08,Q4 FY26,No,Partner
OPP-00856,AE-033,SMB,AMER - West,Platform,Prospect,11800.0,67700.0,17.4,37,2025-01-02,Q1 FY26,Yes,Marketing
OPP-00857,AE-025,Strategic,LATAM,AI Agents,Prospect,2241800.0,7865800.0,28.5,29,2026-05-19,Q4 FY25,Yes,Outbound
OPP-00858,AE-060,Enterprise,AMER - Central,Sales Cloud,Solution,569400.0,2012400.0,28.3,12,2025-06-04,Q2 FY25,No,Renewal
OPP-00859,AE-053,Mid-Market,APAC,Marketing Cloud,Proposal,72500.0,276500.0,26.2,90,2025-04-17,Q1 FY26,No,Partner
OPP-00860,AE-056,Enterprise,AMER - West,Service Cloud,Closed Won,626800.0,2482600.0,25.2,168,2025-05-31,Q2 FY25,No,Marketing
OPP-00861,AE-006,SMB,AMER - East,Marketing Cloud,Prospect,27100.0,143700.0,18.9,33,2025-07-06,Q1 FY26,No,Marketing
OPP-00862,AE-052,Strategic,AMER - East,AI Agents,Solution,2940300.0,12513900.0,23.5,63,2026-01-28,Q2 FY26,No,Renewal
OPP-00863,AE-038,Strategic,AMER - West,AI Agents,Proposal,2607100.0,12341000.0,21.1,108,2026-06-24,Q3 FY26,No,Inbound
OPP-00864,AE-036,SMB,AMER - Central,Platform,Discovery,10100.0,32100.0,31.5,35,2025-04-23,Q1 FY25,No,Inbound
OPP-00865,AE-014,Enterprise,AMER - East,Service Cloud,Solution,701200.0,2350200.0,29.8,15,2025-05-22,Q3 FY26,No,Inbound
OPP-00866,AE-004,Strategic,AMER - Central,AI Agents,Negotiation,2331500.0,10329700.0,22.6,28,2025-03-17,Q3 FY26,No,Inbound
OPP-00867,AE-001,SMB,AMER - West,Data Cloud,Prospect,15700.0,83200.0,18.9,107,2025-06-03,Q4 FY25,No,Inbound
OPP-00868,AE-045,Enterprise,LATAM,Sales Cloud,Solution,633500.0,2196800.0,28.8,74,2025-04-24,Q4 FY26,No,Outbound
OPP-00869,AE-057,Mid-Market,LATAM,Platform,Proposal,51600.0,297100.0,17.4,142,2025-09-22,Q3 FY26,No,Inbound
OPP-00870,AE-025,Strategic,APAC,Service Cloud,Closed Lost,1398000.0,6790300.0,20.6,55,2026-02-15,Q2 FY25,Yes,Inbound
OPP-00871,AE-042,SMB,LATAM,Platform,Closed Won,28700.0,90800.0,31.6,98,2025-06-18,Q2 FY26,No,Marketing
OPP-00872,AE-050,Mid-Market,APAC,Marketing Cloud,Discovery,65700.0,252700.0,26.0,8,2025-09-03,Q2 FY26,No,Outbound
OPP-00873,AE-036,Mid-Market,AMER - East,Service Cloud,Proposal,163500.0,608400.0,26.9,164,2025-02-03,Q1 FY26,Yes,Renewal
OPP-00874,AE-021,SMB,AMER - West,Sales Cloud,Proposal,41600.0,247200.0,16.8,80,2025-01-09,Q1 FY25,No,Marketing
OPP-00875,AE-045,Mid-Market,AMER - East,AI Agents,Discovery,108600.0,458500.0,23.7,25,2025-12-06,Q2 FY26,No,Outbound
OPP-00876,AE-056,Mid-Market,APAC,Sales Cloud,Prospect,169400.0,585200.0,28.9,75,2025-06-15,Q4 FY26,No,Outbound
OPP-00877,AE-011,Mid-Market,LATAM,Data Cloud,Closed Won,171100.0,990800.0,17.3,133,2026-06-20,Q3 FY25,No,Inbound
OPP-00878,AE-058,Enterprise,AMER - West,AI Agents,Discovery,574100.0,2134100.0,26.9,175,2026-02-01,Q3 FY26,No,Renewal
OPP-00879,AE-052,SMB,AMER - West,Sales Cloud,Closed Lost,32700.0,151800.0,21.5,37,2025-11-13,Q4 FY26,No,Outbound
OPP-00880,AE-005,Strategic,AMER - East,Marketing Cloud,Prospect,1490200.0,6050400.0,24.6,148,2026-01-08,Q1 FY26,Yes,Marketing
OPP-00881,AE-060,Enterprise,LATAM,Service Cloud,Closed Lost,787100.0,2454800.0,32.1,32,2026-05-15,Q4 FY26,No,Marketing
OPP-00882,AE-024,Strategic,EMEA,Data Cloud,Closed Won,2817700.0,11611900.0,24.3,160,2025-11-18,Q3 FY25,No,Renewal
OPP-00883,AE-042,Strategic,APAC,Sales Cloud,Discovery,2726200.0,9442700.0,28.9,63,2025-01-09,Q1 FY25,Yes,Marketing
OPP-00884,AE-056,Mid-Market,EMEA,Platform,Proposal,178100.0,720700.0,24.7,172,2025-04-06,Q4 FY25,No,Renewal
OPP-00885,AE-050,Strategic,EMEA,Platform,Prospect,1196600.0,4769800.0,25.1,52,2026-02-16,Q2 FY25,No,Renewal
OPP-00886,AE-030,Strategic,AMER - Central,Sales Cloud,Discovery,2430800.0,14209500.0,17.1,140,2025-06-09,Q2 FY25,Yes,Inbound
OPP-00887,AE-060,Enterprise,AMER - West,Marketing Cloud,Proposal,792700.0,2885600.0,27.5,111,2026-04-30,Q3 FY26,Yes,Outbound
OPP-00888,AE-005,Strategic,AMER - East,Marketing Cloud,Discovery,2198500.0,8563200.0,25.7,104,2025-03-25,Q2 FY25,No,Marketing
OPP-00889,AE-058,Mid-Market,AMER - West,Platform,Proposal,88900.0,310600.0,28.6,88,2025-11-01,Q1 FY25,No,Marketing
OPP-00890,AE-028,Strategic,LATAM,Marketing Cloud,Solution,2315400.0,12663000.0,18.3,178,2026-02-03,Q3 FY25,No,Renewal
OPP-00891,AE-043,Mid-Market,AMER - Central,AI Agents,Prospect,150200.0,518400.0,29.0,82,2025-01-15,Q3 FY25,No,Inbound
OPP-00892,AE-034,Strategic,AMER - Central,AI Agents,Closed Won,1049900.0,6120900.0,17.2,1,2026-04-07,Q3 FY26,No,Marketing
OPP-00893,AE-045,SMB,EMEA,Data Cloud,Prospect,39800.0,145200.0,27.4,43,2026-01-22,Q4 FY25,Yes,Inbound
OPP-00894,AE-033,SMB,AMER - Central,Sales Cloud,Solution,24600.0,121700.0,20.2,180,2026-05-27,Q1 FY26,No,Marketing
OPP-00895,AE-060,Enterprise,AMER - West,Service Cloud,Solution,525500.0,2164700.0,24.3,118,2026-03-15,Q2 FY26,No,Inbound
OPP-00896,AE-019,Strategic,LATAM,AI Agents,Solution,2659200.0,15918200.0,16.7,159,2025-04-12,Q3 FY26,No,Outbound
OPP-00897,AE-032,SMB,AMER - West,AI Agents,Proposal,34700.0,170000.0,20.4,160,2025-04-13,Q3 FY26,No,Outbound
OPP-00898,AE-025,Enterprise,APAC,Sales Cloud,Closed Won,327100.0,1914100.0,17.1,51,2026-04-26,Q4 FY26,No,Marketing
OPP-00899,AE-024,Strategic,AMER - West,Service Cloud,Closed Won,2218700.0,8437300.0,26.3,130,2025-10-18,Q3 FY26,No,Partner
OPP-00900,AE-001,Strategic,AMER - West,Sales Cloud,Proposal,809100.0,4468100.0,18.1,40,2026-01-19,Q3 FY26,No,Renewal
OPP-00901,AE-036,Enterprise,AMER - East,Platform,Solution,775500.0,4254100.0,18.2,50,2026-02-07,Q3 FY26,No,Renewal
OPP-00902,AE-058,Strategic,EMEA,Marketing Cloud,Prospect,2199800.0,9486000.0,23.2,133,2025-06-12,Q3 FY25,Yes,Inbound
OPP-00903,AE-011,SMB,APAC,Marketing Cloud,Proposal,41400.0,135800.0,30.5,53,2025-04-06,Q1 FY26,No,Renewal
OPP-00904,AE-025,Mid-Market,APAC,Sales Cloud,Prospect,156100.0,765400.0,20.4,34,2026-04-10,Q2 FY25,No,Inbound
OPP-00905,AE-054,Mid-Market,APAC,Service Cloud,Proposal,83300.0,414600.0,20.1,97,2025-09-24,Q4 FY25,Yes,Inbound
OPP-00906,AE-030,SMB,AMER - West,Data Cloud,Proposal,33200.0,113700.0,29.2,32,2025-04-20,Q2 FY25,Yes,Inbound
OPP-00907,AE-007,SMB,EMEA,Platform,Prospect,43800.0,141100.0,31.0,6,2026-02-28,Q4 FY25,No,Outbound
OPP-00908,AE-059,Mid-Market,LATAM,Platform,Negotiation,106300.0,414200.0,25.7,42,2025-07-04,Q2 FY26,No,Renewal
OPP-00909,AE-040,SMB,EMEA,Data Cloud,Prospect,23700.0,82400.0,28.8,140,2025-01-06,Q2 FY26,No,Outbound
OPP-00910,AE-056,Mid-Market,AMER - East,Marketing Cloud,Proposal,130400.0,402700.0,32.4,30,2025-08-11,Q3 FY25,Yes,Outbound
OPP-00911,AE-046,Mid-Market,AMER - Central,Data Cloud,Discovery,122200.0,537800.0,22.7,167,2025-10-29,Q2 FY25,No,Marketing
OPP-00912,AE-055,Strategic,LATAM,AI Agents,Closed Lost,1350200.0,4467400.0,30.2,72,2026-02-07,Q4 FY25,No,Renewal
OPP-00913,AE-057,Enterprise,EMEA,Platform,Prospect,323500.0,1762300.0,18.4,109,2025-10-06,Q4 FY26,No,Renewal
OPP-00914,AE-053,Strategic,LATAM,Sales Cloud,Solution,2047700.0,11607100.0,17.6,116,2025-06-21,Q2 FY26,No,Partner
OPP-00915,AE-002,Strategic,EMEA,Sales Cloud,Discovery,2618700.0,11229400.0,23.3,47,2025-11-27,Q2 FY26,Yes,Inbound
OPP-00916,AE-008,SMB,AMER - Central,Sales Cloud,Discovery,24900.0,128200.0,19.4,82,2025-01-12,Q3 FY25,Yes,Renewal
OPP-00917,AE-039,Enterprise,AMER - Central,Service Cloud,Closed Won,537000.0,1776800.0,30.2,135,2025-08-11,Q3 FY26,Yes,Renewal
OPP-00918,AE-053,SMB,AMER - Central,Marketing Cloud,Proposal,35900.0,113000.0,31.8,51,2025-07-21,Q3 FY26,No,Outbound
OPP-00919,AE-021,Enterprise,APAC,Data Cloud,Solution,274500.0,1298200.0,21.1,99,2025-08-31,Q3 FY25,No,Renewal
OPP-00920,AE-058,SMB,AMER - West,Data Cloud,Closed Won,21400.0,85900.0,24.9,136,2025-02-10,Q3 FY26,Yes,Marketing
OPP-00921,AE-021,SMB,AMER - Central,Marketing Cloud,Closed Won,26600.0,124200.0,21.4,103,2025-03-23,Q1 FY26,No,Renewal
OPP-00922,AE-055,SMB,EMEA,AI Agents,Solution,37900.0,220300.0,17.2,32,2026-01-18,Q4 FY26,Yes,Inbound
OPP-00923,AE-047,SMB,LATAM,Platform,Closed Won,15500.0,50600.0,30.6,58,2025-06-24,Q2 FY26,No,Partner
OPP-00924,AE-008,SMB,AMER - West,Sales Cloud,Closed Lost,44700.0,169500.0,26.4,78,2025-03-18,Q1 FY26,No,Marketing
OPP-00925,AE-009,Enterprise,AMER - West,Marketing Cloud,Negotiation,754900.0,3707100.0,20.4,38,2026-02-28,Q4 FY26,No,Renewal
OPP-00926,AE-050,Mid-Market,AMER - Central,AI Agents,Proposal,149200.0,488700.0,30.5,124,2025-08-20,Q1 FY26,No,Outbound
OPP-00927,AE-005,Enterprise,LATAM,Sales Cloud,Proposal,723700.0,2632400.0,27.5,127,2025-03-03,Q4 FY25,No,Marketing
OPP-00928,AE-049,Strategic,APAC,Data Cloud,Discovery,1030000.0,5439900.0,18.9,132,2025-11-17,Q4 FY25,No,Marketing
OPP-00929,AE-059,Mid-Market,AMER - East,Marketing Cloud,Closed Won,65800.0,368700.0,17.8,99,2026-04-09,Q3 FY25,No,Marketing
OPP-00930,AE-042,Mid-Market,APAC,Sales Cloud,Prospect,113500.0,638800.0,17.8,38,2026-04-18,Q1 FY26,No,Inbound
OPP-00931,AE-043,SMB,EMEA,Data Cloud,Closed Won,17500.0,66400.0,26.3,116,2025-12-27,Q1 FY25,No,Outbound
OPP-00932,AE-022,Enterprise,APAC,Sales Cloud,Solution,290400.0,1193400.0,24.3,113,2025-10-07,Q3 FY26,Yes,Marketing
OPP-00933,AE-018,Strategic,APAC,Data Cloud,Discovery,1216800.0,5543600.0,21.9,156,2026-05-21,Q3 FY25,Yes,Outbound
OPP-00934,AE-037,Mid-Market,AMER - West,Marketing Cloud,Closed Lost,82900.0,381000.0,21.8,62,2025-03-09,Q1 FY25,Yes,Renewal
OPP-00935,AE-014,Strategic,EMEA,Service Cloud,Solution,1022900.0,5023200.0,20.4,53,2025-12-22,Q1 FY26,No,Partner
OPP-00936,AE-020,SMB,LATAM,AI Agents,Prospect,30100.0,118800.0,25.3,62,2025-06-24,Q4 FY26,Yes,Inbound
OPP-00937,AE-031,Enterprise,LATAM,Platform,Closed Won,285100.0,1007100.0,28.3,86,2025-01-22,Q1 FY25,Yes,Outbound
OPP-00938,AE-038,Mid-Market,EMEA,Sales Cloud,Proposal,178000.0,786400.0,22.6,126,2025-09-11,Q2 FY26,Yes,Outbound
OPP-00939,AE-050,Enterprise,AMER - East,Sales Cloud,Closed Won,515200.0,2788100.0,18.5,26,2025-11-08,Q3 FY25,No,Marketing
OPP-00940,AE-024,Enterprise,AMER - Central,Platform,Closed Lost,354400.0,1383400.0,25.6,4,2025-12-28,Q4 FY26,No,Renewal
OPP-00941,AE-027,Strategic,AMER - East,Service Cloud,Prospect,2308700.0,9400100.0,24.6,169,2025-05-26,Q1 FY25,Yes,Renewal
OPP-00942,AE-041,Strategic,EMEA,Sales Cloud,Solution,2437600.0,14533000.0,16.8,71,2026-04-06,Q4 FY25,No,Inbound
OPP-00943,AE-038,Enterprise,EMEA,Platform,Closed Won,409300.0,1461900.0,28.0,71,2025-11-13,Q2 FY26,No,Partner
OPP-00944,AE-008,SMB,AMER - Central,Sales Cloud,Solution,28200.0,124100.0,22.7,128,2025-05-31,Q2 FY26,Yes,Partner
OPP-00945,AE-030,Mid-Market,AMER - West,Sales Cloud,Discovery,93200.0,510400.0,18.3,56,2025-10-17,Q1 FY26,Yes,Marketing
OPP-00946,AE-017,Enterprise,AMER - West,Service Cloud,Prospect,411400.0,2203400.0,18.7,90,2025-10-18,Q1 FY25,No,Renewal
OPP-00947,AE-013,Mid-Market,LATAM,Platform,Closed Lost,157000.0,608000.0,25.8,150,2025-03-24,Q3 FY25,Yes,Partner
OPP-00948,AE-058,Mid-Market,EMEA,Sales Cloud,Closed Won,145600.0,697600.0,20.9,67,2025-11-06,Q3 FY26,Yes,Marketing
OPP-00949,AE-009,Enterprise,AMER - Central,Platform,Closed Won,283500.0,1106600.0,25.6,142,2025-07-24,Q4 FY25,Yes,Renewal
OPP-00950,AE-009,Strategic,AMER - West,Data Cloud,Proposal,1627100.0,7340600.0,22.2,114,2025-11-17,Q3 FY26,No,Partner
OPP-00951,AE-002,Strategic,EMEA,Data Cloud,Solution,1826400.0,5963700.0,30.6,7,2026-03-08,Q3 FY26,Yes,Partner
OPP-00952,AE-049,Mid-Market,AMER - West,Platform,Proposal,106000.0,531100.0,20.0,33,2026-02-17,Q1 FY26,No,Renewal
OPP-00953,AE-007,Strategic,LATAM,Marketing Cloud,Closed Won,986300.0,5390900.0,18.3,153,2025-04-10,Q1 FY26,No,Partner
OPP-00954,AE-014,SMB,LATAM,Data Cloud,Prospect,33400.0,113900.0,29.3,37,2026-05-23,Q1 FY25,No,Inbound
OPP-00955,AE-040,Enterprise,EMEA,AI Agents,Proposal,631500.0,2021700.0,31.2,52,2025-04-28,Q1 FY25,Yes,Outbound
OPP-00956,AE-029,SMB,APAC,Platform,Discovery,14100.0,55000.0,25.6,15,2025-05-05,Q1 FY25,No,Inbound
OPP-00957,AE-040,Mid-Market,LATAM,Sales Cloud,Closed Won,132000.0,647900.0,20.4,111,2025-05-30,Q4 FY26,Yes,Inbound
OPP-00958,AE-031,Mid-Market,EMEA,Marketing Cloud,Proposal,154900.0,910400.0,17.0,75,2025-04-13,Q4 FY25,No,Partner
OPP-00959,AE-053,Strategic,EMEA,Platform,Solution,2559700.0,9855500.0,26.0,38,2025-01-29,Q4 FY26,Yes,Marketing
OPP-00960,AE-059,SMB,AMER - West,Marketing Cloud,Proposal,11400.0,64400.0,17.7,36,2026-04-25,Q4 FY26,No,Outbound
OPP-00961,AE-058,Mid-Market,AMER - Central,AI Agents,Solution,178400.0,809800.0,22.0,135,2026-02-04,Q4 FY25,Yes,Inbound
OPP-00962,AE-055,Enterprise,LATAM,Service Cloud,Proposal,537900.0,3103900.0,17.3,72,2025-11-07,Q4 FY26,Yes,Marketing
OPP-00963,AE-046,Strategic,APAC,Data Cloud,Closed Lost,2132900.0,8057400.0,26.5,169,2026-06-23,Q3 FY25,No,Renewal
OPP-00964,AE-002,Enterprise,AMER - West,AI Agents,Proposal,697900.0,2295800.0,30.4,41,2025-08-26,Q2 FY25,Yes,Marketing
OPP-00965,AE-058,Enterprise,AMER - West,Service Cloud,Negotiation,788800.0,4549100.0,17.3,99,2026-03-07,Q4 FY25,Yes,Partner
OPP-00966,AE-039,SMB,AMER - Central,AI Agents,Prospect,40000.0,158500.0,25.2,8,2025-06-28,Q4 FY26,No,Marketing
OPP-00967,AE-017,Mid-Market,AMER - East,Platform,Closed Lost,136100.0,500400.0,27.2,113,2025-10-20,Q4 FY25,No,Marketing
OPP-00968,AE-003,Mid-Market,AMER - East,Service Cloud,Prospect,53600.0,285300.0,18.8,2,2026-01-04,Q2 FY25,No,Outbound
OPP-00969,AE-054,Enterprise,AMER - East,Service Cloud,Discovery,638000.0,2872600.0,22.2,147,2026-05-01,Q4 FY26,No,Renewal
OPP-00970,AE-037,Mid-Market,AMER - West,Sales Cloud,Closed Won,115800.0,451000.0,25.7,33,2026-06-14,Q3 FY26,Yes,Inbound
OPP-00971,AE-060,SMB,AMER - Central,Marketing Cloud,Proposal,23200.0,74300.0,31.2,100,2026-01-02,Q4 FY25,No,Partner
OPP-00972,AE-040,SMB,EMEA,Sales Cloud,Proposal,19700.0,93500.0,21.1,140,2025-04-24,Q1 FY26,No,Partner
OPP-00973,AE-057,SMB,AMER - Central,Sales Cloud,Prospect,26900.0,124800.0,21.5,36,2025-07-29,Q4 FY25,No,Outbound
OPP-00974,AE-005,Mid-Market,AMER - Central,Platform,Solution,170800.0,967200.0,17.7,154,2025-03-24,Q1 FY25,No,Inbound
OPP-00975,AE-015,Enterprise,APAC,AI Agents,Negotiation,262400.0,1163200.0,22.6,90,2026-03-18,Q4 FY26,No,Inbound
OPP-00976,AE-039,SMB,APAC,Platform,Closed Lost,11100.0,51700.0,21.5,175,2025-01-19,Q4 FY25,Yes,Marketing
OPP-00977,AE-029,Mid-Market,AMER - West,Sales Cloud,Solution,114000.0,462300.0,24.7,158,2026-01-12,Q3 FY25,No,Outbound
OPP-00978,AE-048,Mid-Market,EMEA,Data Cloud,Discovery,138300.0,826000.0,16.7,146,2025-02-16,Q4 FY25,Yes,Inbound
OPP-00979,AE-003,SMB,AMER - Central,Marketing Cloud,Prospect,15100.0,90500.0,16.7,90,2025-09-08,Q3 FY25,Yes,Marketing
OPP-00980,AE-035,Strategic,AMER - Central,Service Cloud,Proposal,2244500.0,12777800.0,17.6,127,2026-01-01,Q2 FY25,No,Marketing
OPP-00981,AE-016,Enterprise,LATAM,Data Cloud,Closed Lost,668100.0,3402800.0,19.6,69,2025-11-23,Q1 FY26,No,Outbound
OPP-00982,AE-006,Enterprise,AMER - Central,Service Cloud,Closed Won,623300.0,2301000.0,27.1,36,2026-06-18,Q4 FY26,No,Inbound
OPP-00983,AE-016,SMB,AMER - West,AI Agents,Solution,42700.0,250200.0,17.1,113,2026-04-10,Q3 FY25,Yes,Outbound
OPP-00984,AE-018,Enterprise,AMER - West,Data Cloud,Discovery,430500.0,1315800.0,32.7,99,2026-05-23,Q2 FY25,No,Marketing
OPP-00985,AE-004,SMB,APAC,AI Agents,Discovery,25200.0,116500.0,21.6,79,2025-02-02,Q3 FY26,No,Outbound
OPP-00986,AE-022,Enterprise,AMER - West,AI Agents,Closed Lost,744500.0,4167100.0,17.9,160,2026-03-21,Q4 FY25,No,Outbound
OPP-00987,AE-030,SMB,APAC,Platform,Proposal,48100.0,181800.0,26.5,147,2026-06-16,Q1 FY26,No,Marketing
OPP-00988,AE-016,Mid-Market,AMER - West,Data Cloud,Prospect,52300.0,246500.0,21.2,76,2025-12-12,Q1 FY26,Yes,Partner
OPP-00989,AE-020,Enterprise,AMER - West,Data Cloud,Discovery,350300.0,1929500.0,18.2,170,2025-11-25,Q1 FY25,No,Marketing
OPP-00990,AE-031,Strategic,AMER - Central,AI Agents,Prospect,819500.0,3463100.0,23.7,143,2025-08-12,Q1 FY25,No,Outbound
OPP-00991,AE-012,Enterprise,EMEA,Marketing Cloud,Closed Won,530900.0,2976800.0,17.8,71,2025-09-23,Q2 FY25,Yes,Inbound
OPP-00992,AE-042,Mid-Market,AMER - West,Sales Cloud,Closed Won,148400.0,828300.0,17.9,48,2026-06-03,Q4 FY25,No,Outbound
OPP-00993,AE-002,Mid-Market,AMER - Central,AI Agents,Prospect,157200.0,754800.0,20.8,91,2025-02-15,Q1 FY26,No,Outbound
OPP-00994,AE-037,Strategic,AMER - Central,Marketing Cloud,Prospect,970400.0,3119000.0,31.1,175,2026-03-02,Q4 FY25,No,Partner
OPP-00995,AE-027,Mid-Market,AMER - Central,AI Agents,Prospect,141000.0,821700.0,17.2,96,2026-04-27,Q2 FY26,No,Outbound
OPP-00996,AE-002,Mid-Market,APAC,Sales Cloud,Solution,93600.0,507700.0,18.4,156,2025-08-05,Q3 FY25,No,Renewal
OPP-00997,AE-047,Enterprise,LATAM,Service Cloud,Closed Lost,427300.0,2506300.0,17.0,98,2025-03-22,Q1 FY25,No,Inbound
OPP-00998,AE-031,Strategic,APAC,AI Agents,Proposal,1066700.0,4611400.0,23.1,135,2026-06-17,Q1 FY25,Yes,Renewal
OPP-00999,AE-030,Enterprise,AMER - East,Marketing Cloud,Closed Won,397200.0,1721900.0,23.1,30,2025-09-04,Q2 FY26,No,Marketing
OPP-01000,AE-042,Enterprise,AMER - Central,Platform,Prospect,536300.0,2331200.0,23.0,155,2025-08-24,Q2 FY25,No,Renewal
OPP-01001,AE-038,Mid-Market,LATAM,AI Agents,Closed Lost,86700.0,467100.0,18.6,36,2025-09-24,Q3 FY26,No,Outbound
OPP-01002,AE-032,SMB,APAC,AI Agents,Solution,30200.0,170000.0,17.8,51,2025-07-04,Q3 FY25,Yes,Outbound
OPP-01003,AE-007,Strategic,LATAM,Service Cloud,Discovery,2020100.0,6205300.0,32.6,9,2026-03-18,Q4 FY26,Yes,Outbound
OPP-01004,AE-023,Mid-Market,EMEA,Service Cloud,Proposal,129400.0,664600.0,19.5,103,2025-09-05,Q3 FY26,Yes,Partner
OPP-01005,AE-059,SMB,EMEA,Platform,Closed Lost,11800.0,61600.0,19.1,162,2026-04-06,Q2 FY26,No,Marketing
OPP-01006,AE-058,Mid-Market,AMER - East,Sales Cloud,Negotiation,158600.0,796400.0,19.9,152,2026-01-14,Q2 FY25,No,Partner
OPP-01007,AE-015,Strategic,AMER - West,Marketing Cloud,Prospect,2389600.0,7515000.0,31.8,127,2025-12-16,Q1 FY26,No,Renewal
OPP-01008,AE-003,Strategic,AMER - East,AI Agents,Discovery,1644900.0,7496500.0,21.9,54,2026-03-17,Q3 FY25,No,Renewal
OPP-01009,AE-018,Enterprise,AMER - Central,Platform,Prospect,370900.0,2097800.0,17.7,113,2025-08-18,Q2 FY25,No,Partner
OPP-01010,AE-014,SMB,AMER - West,Data Cloud,Closed Lost,36700.0,113100.0,32.4,131,2025-06-22,Q3 FY25,No,Renewal
OPP-01011,AE-014,Mid-Market,AMER - Central,Marketing Cloud,Prospect,174900.0,908800.0,19.2,147,2026-03-13,Q1 FY25,No,Marketing
OPP-01012,AE-057,Enterprise,EMEA,Platform,Closed Won,629800.0,2053500.0,30.7,127,2025-09-27,Q2 FY25,Yes,Partner
OPP-01013,AE-005,SMB,LATAM,Marketing Cloud,Closed Lost,42100.0,168700.0,25.0,41,2026-06-04,Q4 FY25,No,Renewal
OPP-01014,AE-007,SMB,EMEA,AI Agents,Negotiation,22600.0,80700.0,28.0,134,2025-11-22,Q1 FY25,No,Outbound
OPP-01015,AE-013,SMB,LATAM,Marketing Cloud,Discovery,33500.0,149200.0,22.5,121,2025-06-05,Q4 FY25,Yes,Marketing
OPP-01016,AE-055,Enterprise,APAC,AI Agents,Prospect,580900.0,2499600.0,23.2,55,2025-01-04,Q2 FY25,No,Renewal
OPP-01017,AE-025,Mid-Market,APAC,AI Agents,Negotiation,55800.0,274200.0,20.4,150,2025-08-29,Q1 FY26,No,Inbound
OPP-01018,AE-051,Enterprise,EMEA,AI Agents,Closed Won,725000.0,3356900.0,21.6,101,2026-01-01,Q4 FY26,No,Inbound
OPP-01019,AE-029,SMB,EMEA,Marketing Cloud,Closed Lost,45900.0,153600.0,29.9,64,2026-03-12,Q1 FY26,No,Partner
OPP-01020,AE-054,SMB,EMEA,Platform,Solution,25900.0,131100.0,19.8,154,2026-02-26,Q3 FY25,Yes,Partner
OPP-01021,AE-050,Mid-Market,APAC,Marketing Cloud,Closed Won,167400.0,708700.0,23.6,67,2025-11-22,Q1 FY25,No,Marketing
OPP-01022,AE-015,Strategic,LATAM,Marketing Cloud,Discovery,920200.0,3612300.0,25.5,163,2025-02-16,Q4 FY26,No,Renewal
OPP-01023,AE-040,Mid-Market,APAC,Marketing Cloud,Proposal,166900.0,976500.0,17.1,34,2025-01-21,Q2 FY25,Yes,Marketing
OPP-01024,AE-005,SMB,APAC,AI Agents,Negotiation,23300.0,84600.0,27.5,13,2026-06-16,Q2 FY26,No,Inbound
OPP-01025,AE-022,Strategic,AMER - Central,Platform,Closed Won,1304500.0,7592200.0,17.2,56,2025-09-12,Q3 FY25,Yes,Outbound
OPP-01026,AE-019,SMB,AMER - East,Marketing Cloud,Proposal,41700.0,204100.0,20.4,7,2025-08-24,Q1 FY25,No,Outbound
OPP-01027,AE-026,Enterprise,LATAM,Service Cloud,Negotiation,687800.0,2221300.0,31.0,70,2025-03-28,Q3 FY26,No,Marketing
OPP-01028,AE-048,SMB,AMER - West,Data Cloud,Prospect,43200.0,237400.0,18.2,101,2025-07-18,Q3 FY25,No,Partner
OPP-01029,AE-013,Strategic,EMEA,Sales Cloud,Proposal,851600.0,3516900.0,24.2,68,2026-04-28,Q1 FY26,No,Inbound
OPP-01030,AE-002,Strategic,EMEA,Platform,Proposal,1863400.0,9853800.0,18.9,101,2026-01-17,Q4 FY25,No,Marketing
OPP-01031,AE-024,Mid-Market,EMEA,Platform,Proposal,53700.0,264700.0,20.3,145,2025-04-22,Q4 FY25,No,Outbound
OPP-01032,AE-016,SMB,APAC,Sales Cloud,Proposal,18300.0,88700.0,20.6,37,2026-02-17,Q4 FY26,No,Renewal
OPP-01033,AE-048,Mid-Market,AMER - Central,Marketing Cloud,Prospect,124000.0,491600.0,25.2,39,2025-02-07,Q3 FY26,No,Marketing
OPP-01034,AE-032,SMB,APAC,Marketing Cloud,Discovery,18400.0,73000.0,25.2,167,2025-08-30,Q4 FY26,No,Renewal
OPP-01035,AE-009,SMB,EMEA,Sales Cloud,Closed Lost,27000.0,141600.0,19.1,42,2026-06-17,Q2 FY25,Yes,Marketing
OPP-01036,AE-052,SMB,LATAM,Data Cloud,Prospect,27000.0,141700.0,19.1,125,2025-05-24,Q3 FY25,No,Marketing
OPP-01037,AE-060,SMB,LATAM,AI Agents,Discovery,27400.0,108700.0,25.2,70,2026-06-20,Q1 FY26,No,Renewal
OPP-01038,AE-046,Mid-Market,APAC,Marketing Cloud,Prospect,128500.0,567500.0,22.6,133,2025-09-15,Q4 FY25,Yes,Partner
OPP-01039,AE-021,Mid-Market,AMER - West,Platform,Prospect,157300.0,693900.0,22.7,46,2025-06-03,Q4 FY26,No,Outbound
OPP-01040,AE-030,Enterprise,APAC,Marketing Cloud,Negotiation,319600.0,1558000.0,20.5,25,2025-03-04,Q2 FY25,No,Outbound
OPP-01041,AE-001,Enterprise,LATAM,Service Cloud,Proposal,730000.0,3987500.0,18.3,71,2025-10-19,Q2 FY26,No,Renewal
OPP-01042,AE-035,Enterprise,APAC,AI Agents,Solution,660200.0,2134000.0,30.9,169,2025-07-27,Q1 FY26,Yes,Inbound
OPP-01043,AE-038,Enterprise,APAC,AI Agents,Prospect,538200.0,2544100.0,21.2,99,2025-12-05,Q3 FY25,No,Renewal
OPP-01044,AE-011,Enterprise,AMER - East,Sales Cloud,Closed Lost,642400.0,2103200.0,30.5,60,2025-08-10,Q4 FY26,No,Inbound
OPP-01045,AE-058,Mid-Market,AMER - West,Sales Cloud,Prospect,181200.0,982400.0,18.4,36,2026-06-08,Q2 FY26,No,Marketing
OPP-01046,AE-026,Enterprise,APAC,Platform,Discovery,656000.0,2666600.0,24.6,99,2026-05-01,Q4 FY25,No,Partner
OPP-01047,AE-054,SMB,LATAM,Marketing Cloud,Closed Won,43700.0,204600.0,21.4,37,2026-03-24,Q3 FY25,No,Partner
OPP-01048,AE-002,SMB,AMER - East,Marketing Cloud,Proposal,27400.0,142100.0,19.3,120,2025-12-21,Q2 FY26,Yes,Renewal
OPP-01049,AE-029,Mid-Market,AMER - East,Marketing Cloud,Solution,76900.0,232000.0,33.1,135,2025-07-19,Q1 FY25,No,Outbound
OPP-01050,AE-018,Enterprise,APAC,Sales Cloud,Closed Won,501700.0,2470900.0,20.3,166,2025-10-09,Q1 FY25,No,Partner
OPP-01051,AE-060,Enterprise,LATAM,Platform,Proposal,782700.0,3499400.0,22.4,156,2026-04-11,Q1 FY25,No,Renewal
OPP-01052,AE-048,SMB,LATAM,Service Cloud,Prospect,11200.0,47700.0,23.5,34,2025-03-26,Q3 FY25,No,Outbound
OPP-01053,AE-018,Strategic,APAC,Service Cloud,Proposal,937100.0,3746500.0,25.0,168,2025-01-18,Q2 FY25,No,Partner
OPP-01054,AE-001,Mid-Market,APAC,AI Agents,Closed Won,138000.0,760800.0,18.1,104,2026-03-03,Q2 FY26,No,Outbound
OPP-01055,AE-012,Mid-Market,AMER - West,Platform,Closed Won,125200.0,604200.0,20.7,12,2025-10-10,Q1 FY26,No,Marketing
OPP-01056,AE-018,Mid-Market,AMER - Central,Data Cloud,Proposal,176300.0,709500.0,24.8,90,2025-05-01,Q1 FY25,No,Outbound
OPP-01057,AE-006,Strategic,LATAM,Service Cloud,Prospect,2819600.0,14944400.0,18.9,82,2025-01-21,Q3 FY25,No,Inbound
OPP-01058,AE-054,Enterprise,AMER - Central,AI Agents,Solution,726300.0,3807400.0,19.1,165,2025-07-15,Q4 FY25,No,Partner
OPP-01059,AE-037,SMB,AMER - East,Marketing Cloud,Solution,21500.0,118400.0,18.2,106,2025-08-20,Q1 FY26,Yes,Inbound
OPP-01060,AE-006,Mid-Market,AMER - Central,Platform,Closed Lost,88900.0,359700.0,24.7,91,2026-01-08,Q4 FY26,No,Marketing
OPP-01061,AE-035,Mid-Market,AMER - East,Data Cloud,Prospect,175200.0,707900.0,24.7,54,2026-03-21,Q3 FY26,No,Partner
OPP-01062,AE-033,Mid-Market,AMER - West,Service Cloud,Solution,195300.0,859900.0,22.7,67,2025-08-12,Q1 FY26,Yes,Outbound
OPP-01063,AE-037,Mid-Market,AMER - Central,Platform,Solution,120100.0,476500.0,25.2,169,2025-02-04,Q2 FY26,Yes,Partner
OPP-01064,AE-058,SMB,LATAM,Sales Cloud,Prospect,29000.0,113600.0,25.5,48,2026-01-02,Q2 FY26,No,Inbound
OPP-01065,AE-026,SMB,LATAM,Platform,Solution,34700.0,179400.0,19.3,63,2025-09-16,Q3 FY26,No,Marketing
OPP-01066,AE-007,Strategic,APAC,Platform,Discovery,2935700.0,17208900.0,17.1,110,2025-10-03,Q4 FY25,No,Outbound
OPP-01067,AE-049,Mid-Market,APAC,Service Cloud,Proposal,188400.0,1010900.0,18.6,34,2025-12-08,Q4 FY25,Yes,Outbound
OPP-01068,AE-026,Enterprise,EMEA,Service Cloud,Negotiation,284900.0,1417600.0,20.1,118,2025-01-01,Q2 FY26,Yes,Inbound
OPP-01069,AE-006,Enterprise,EMEA,AI Agents,Discovery,310800.0,1570800.0,19.8,63,2025-06-07,Q4 FY25,No,Partner
OPP-01070,AE-044,SMB,APAC,Platform,Solution,23800.0,136600.0,17.4,179,2025-08-06,Q4 FY26,No,Marketing
OPP-01071,AE-049,Mid-Market,AMER - Central,Service Cloud,Negotiation,64400.0,366700.0,17.6,103,2025-12-01,Q3 FY25,No,Marketing
OPP-01072,AE-057,Strategic,AMER - East,Data Cloud,Proposal,1563100.0,6420300.0,24.3,46,2025-08-29,Q1 FY25,No,Outbound
OPP-01073,AE-013,Strategic,EMEA,Sales Cloud,Closed Won,2220300.0,9561100.0,23.2,55,2025-11-06,Q3 FY25,No,Inbound
OPP-01074,AE-017,Strategic,AMER - West,Platform,Prospect,1484400.0,6226500.0,23.8,46,2025-06-17,Q4 FY26,No,Outbound
OPP-01075,AE-056,Strategic,LATAM,Platform,Closed Won,1561800.0,6180200.0,25.3,4,2025-06-14,Q2 FY25,No,Marketing
OPP-01076,AE-050,Strategic,EMEA,Sales Cloud,Prospect,2238400.0,8452100.0,26.5,78,2026-03-12,Q3 FY26,No,Renewal
OPP-01077,AE-024,Strategic,APAC,Sales Cloud,Proposal,2518200.0,11571500.0,21.8,46,2026-03-11,Q2 FY26,No,Outbound
OPP-01078,AE-033,Mid-Market,AMER - East,Data Cloud,Prospect,192200.0,604600.0,31.8,117,2026-03-22,Q1 FY26,No,Outbound
OPP-01079,AE-028,Strategic,AMER - Central,Marketing Cloud,Solution,910200.0,4824500.0,18.9,173,2025-10-31,Q2 FY26,Yes,Partner
OPP-01080,AE-020,Mid-Market,AMER - Central,AI Agents,Discovery,112600.0,458500.0,24.6,10,2025-04-25,Q4 FY26,Yes,Marketing
OPP-01081,AE-010,Mid-Market,LATAM,AI Agents,Prospect,130200.0,739300.0,17.6,127,2026-03-18,Q3 FY25,No,Marketing
OPP-01082,AE-005,Mid-Market,AMER - West,Marketing Cloud,Closed Won,185500.0,638200.0,29.1,96,2025-02-09,Q4 FY26,No,Outbound
OPP-01083,AE-048,Strategic,LATAM,Marketing Cloud,Proposal,2395900.0,7348600.0,32.6,109,2026-02-15,Q2 FY26,No,Partner
OPP-01084,AE-037,SMB,AMER - East,Marketing Cloud,Closed Won,27300.0,126100.0,21.7,78,2026-06-11,Q2 FY25,No,Outbound
OPP-01085,AE-048,Enterprise,AMER - Central,AI Agents,Proposal,329100.0,1482500.0,22.2,48,2025-10-11,Q3 FY26,Yes,Marketing
OPP-01086,AE-002,Mid-Market,AMER - East,Platform,Proposal,90900.0,347600.0,26.1,169,2025-05-13,Q3 FY26,No,Partner
OPP-01087,AE-005,SMB,AMER - East,Data Cloud,Discovery,10700.0,51000.0,21.0,74,2026-04-17,Q2 FY26,No,Partner
OPP-01088,AE-021,Strategic,AMER - Central,Marketing Cloud,Solution,2026800.0,8889200.0,22.8,114,2025-06-05,Q2 FY26,No,Inbound
OPP-01089,AE-055,Mid-Market,LATAM,Data Cloud,Proposal,88400.0,414100.0,21.3,21,2026-05-14,Q1 FY25,No,Inbound
OPP-01090,AE-030,Enterprise,LATAM,Sales Cloud,Discovery,650500.0,3169800.0,20.5,40,2025-06-20,Q4 FY26,No,Marketing
OPP-01091,AE-025,SMB,AMER - East,Data Cloud,Negotiation,21400.0,103200.0,20.7,34,2026-01-23,Q4 FY26,No,Outbound
OPP-01092,AE-056,Strategic,AMER - East,Service Cloud,Discovery,2982700.0,12098100.0,24.7,103,2026-02-23,Q1 FY26,Yes,Renewal
OPP-01093,AE-057,Enterprise,LATAM,AI Agents,Discovery,417900.0,1883400.0,22.2,163,2025-11-22,Q2 FY25,No,Inbound
OPP-01094,AE-060,Strategic,AMER - East,Service Cloud,Solution,1820600.0,5480000.0,33.2,103,2025-10-23,Q4 FY26,No,Marketing
OPP-01095,AE-027,Mid-Market,EMEA,Service Cloud,Negotiation,64700.0,314200.0,20.6,163,2025-01-30,Q3 FY26,Yes,Renewal
OPP-01096,AE-040,SMB,AMER - Central,Service Cloud,Proposal,39300.0,198600.0,19.8,43,2026-04-29,Q1 FY25,No,Outbound
OPP-01097,AE-024,Strategic,EMEA,AI Agents,Proposal,2699600.0,11922800.0,22.6,62,2025-06-29,Q3 FY25,No,Inbound
OPP-01098,AE-037,Enterprise,AMER - East,Platform,Prospect,238900.0,1206700.0,19.8,118,2025-09-08,Q1 FY25,No,Inbound
OPP-01099,AE-054,Mid-Market,APAC,Marketing Cloud,Closed Lost,125000.0,548300.0,22.8,41,2025-09-08,Q2 FY25,No,Outbound
OPP-01100,AE-005,SMB,EMEA,Platform,Negotiation,26300.0,135400.0,19.4,67,2025-05-04,Q4 FY26,No,Renewal
OPP-01101,AE-052,SMB,AMER - Central,Platform,Solution,43100.0,180900.0,23.8,11,2026-01-08,Q1 FY25,No,Marketing
OPP-01102,AE-049,Strategic,APAC,Sales Cloud,Negotiation,1028000.0,4357400.0,23.6,44,2026-01-11,Q1 FY26,No,Inbound
OPP-01103,AE-058,Strategic,EMEA,AI Agents,Discovery,1013700.0,5343200.0,19.0,126,2025-09-08,Q2 FY25,No,Marketing
OPP-01104,AE-003,Enterprise,APAC,Service Cloud,Negotiation,619700.0,2395300.0,25.9,38,2026-06-19,Q1 FY26,Yes,Partner
OPP-01105,AE-041,Enterprise,APAC,Marketing Cloud,Negotiation,384000.0,1927600.0,19.9,122,2026-03-27,Q3 FY25,Yes,Inbound
OPP-01106,AE-015,Mid-Market,LATAM,Sales Cloud,Proposal,178900.0,616300.0,29.0,55,2025-11-07,Q1 FY26,Yes,Partner
OPP-01107,AE-010,Strategic,LATAM,Data Cloud,Solution,2780000.0,12704600.0,21.9,129,2025-11-18,Q2 FY26,No,Marketing
OPP-01108,AE-001,Mid-Market,EMEA,AI Agents,Closed Won,122300.0,449400.0,27.2,17,2025-12-17,Q4 FY26,Yes,Inbound
OPP-01109,AE-013,Enterprise,LATAM,Marketing Cloud,Proposal,637300.0,3000600.0,21.2,128,2026-04-16,Q2 FY25,No,Outbound
OPP-01110,AE-041,Mid-Market,EMEA,Sales Cloud,Negotiation,104500.0,334600.0,31.2,85,2026-06-04,Q1 FY25,No,Renewal
OPP-01111,AE-017,SMB,AMER - East,AI Agents,Closed Lost,12200.0,45000.0,27.1,47,2025-09-08,Q4 FY25,No,Inbound
OPP-01112,AE-048,SMB,AMER - West,Service Cloud,Closed Lost,20600.0,94100.0,21.9,17,2025-05-16,Q1 FY26,Yes,Inbound
OPP-01113,AE-035,Mid-Market,AMER - West,Sales Cloud,Proposal,137200.0,492400.0,27.9,82,2025-03-16,Q4 FY26,Yes,Outbound
OPP-01114,AE-032,Strategic,APAC,Marketing Cloud,Discovery,1993200.0,9458000.0,21.1,146,2025-01-10,Q4 FY25,No,Outbound
OPP-01115,AE-017,Strategic,AMER - West,Platform,Negotiation,1228600.0,5501400.0,22.3,154,2025-10-05,Q4 FY26,Yes,Renewal
OPP-01116,AE-056,Strategic,AMER - Central,Data Cloud,Proposal,2893200.0,11069000.0,26.1,64,2025-12-16,Q1 FY26,No,Partner
OPP-01117,AE-001,Strategic,EMEA,Marketing Cloud,Prospect,2464500.0,11059100.0,22.3,131,2026-04-27,Q3 FY25,Yes,Marketing
OPP-01118,AE-044,Enterprise,LATAM,Data Cloud,Prospect,717200.0,3827200.0,18.7,47,2025-07-18,Q2 FY26,No,Inbound
OPP-01119,AE-044,Enterprise,AMER - West,Marketing Cloud,Proposal,392000.0,1847500.0,21.2,157,2025-08-04,Q4 FY26,Yes,Inbound
OPP-01120,AE-043,Mid-Market,APAC,Service Cloud,Negotiation,167900.0,997900.0,16.8,84,2026-06-13,Q3 FY25,No,Marketing
OPP-01121,AE-010,Enterprise,AMER - Central,Marketing Cloud,Discovery,357700.0,1962900.0,18.2,86,2025-12-29,Q1 FY26,No,Partner
OPP-01122,AE-004,Strategic,EMEA,Platform,Proposal,2477900.0,14681500.0,16.9,91,2025-05-24,Q1 FY25,No,Outbound
OPP-01123,AE-002,Mid-Market,AMER - Central,Marketing Cloud,Discovery,157500.0,626400.0,25.1,110,2026-01-27,Q1 FY26,No,Inbound
OPP-01124,AE-005,Mid-Market,AMER - West,Service Cloud,Proposal,116000.0,599600.0,19.3,42,2025-11-30,Q1 FY26,No,Renewal
OPP-01125,AE-059,Strategic,LATAM,AI Agents,Closed Lost,2882800.0,11071200.0,26.0,125,2025-09-13,Q3 FY26,No,Marketing
OPP-01126,AE-024,SMB,APAC,Platform,Prospect,35600.0,157200.0,22.6,73,2025-04-24,Q1 FY26,No,Outbound
OPP-01127,AE-038,Enterprise,AMER - East,Marketing Cloud,Closed Lost,639500.0,2996400.0,21.3,147,2025-07-24,Q3 FY25,No,Partner
OPP-01128,AE-050,Enterprise,AMER - East,Sales Cloud,Proposal,690400.0,4053800.0,17.0,180,2025-11-18,Q1 FY25,No,Marketing
OPP-01129,AE-022,Mid-Market,AMER - Central,Service Cloud,Discovery,120200.0,452700.0,26.6,174,2025-09-23,Q4 FY26,No,Outbound
OPP-01130,AE-052,Mid-Market,EMEA,Sales Cloud,Prospect,111600.0,640500.0,17.4,136,2025-03-03,Q3 FY26,No,Outbound
OPP-01131,AE-032,Strategic,APAC,Marketing Cloud,Closed Lost,2911500.0,14275400.0,20.4,148,2025-12-08,Q2 FY26,No,Renewal
OPP-01132,AE-055,SMB,APAC,Sales Cloud,Closed Lost,41200.0,199000.0,20.7,147,2026-04-25,Q3 FY25,No,Outbound
OPP-01133,AE-022,Strategic,LATAM,Sales Cloud,Closed Won,1824600.0,7959200.0,22.9,47,2025-12-14,Q3 FY25,No,Marketing
OPP-01134,AE-001,SMB,AMER - West,Service Cloud,Solution,21800.0,75200.0,29.0,83,2026-03-14,Q3 FY26,No,Renewal
OPP-01135,AE-060,Enterprise,APAC,Marketing Cloud,Proposal,592200.0,2112100.0,28.0,148,2025-06-06,Q4 FY25,Yes,Partner
OPP-01136,AE-035,Mid-Market,AMER - East,Marketing Cloud,Prospect,130000.0,729500.0,17.8,18,2025-12-02,Q1 FY25,No,Inbound
OPP-01137,AE-060,Mid-Market,AMER - East,Service Cloud,Discovery,113600.0,387600.0,29.3,91,2025-01-28,Q1 FY26,No,Marketing
OPP-01138,AE-055,SMB,LATAM,AI Agents,Closed Won,25000.0,78700.0,31.8,54,2026-01-25,Q4 FY26,No,Inbound
OPP-01139,AE-012,Mid-Market,AMER - West,Data Cloud,Negotiation,138500.0,466100.0,29.7,149,2026-06-13,Q2 FY25,No,Outbound
OPP-01140,AE-013,Strategic,EMEA,Service Cloud,Negotiation,1588500.0,6480400.0,24.5,24,2026-06-04,Q2 FY26,Yes,Outbound
OPP-01141,AE-055,Strategic,EMEA,Sales Cloud,Prospect,1636100.0,9550200.0,17.1,91,2026-01-05,Q3 FY26,No,Marketing
OPP-01142,AE-002,Enterprise,EMEA,Marketing Cloud,Discovery,620700.0,1946600.0,31.9,166,2025-11-28,Q3 FY26,No,Inbound
OPP-01143,AE-004,SMB,AMER - West,Data Cloud,Prospect,16200.0,66700.0,24.3,54,2025-10-28,Q4 FY26,No,Inbound
OPP-01144,AE-052,Strategic,LATAM,AI Agents,Prospect,2859800.0,16121400.0,17.7,47,2026-01-09,Q3 FY25,Yes,Inbound
OPP-01145,AE-040,SMB,AMER - Central,Marketing Cloud,Solution,22200.0,88700.0,25.0,8,2025-01-27,Q2 FY26,No,Outbound
OPP-01146,AE-047,Mid-Market,APAC,Data Cloud,Closed Won,57000.0,188100.0,30.3,44,2025-06-11,Q3 FY26,No,Inbound
OPP-01147,AE-027,SMB,EMEA,Data Cloud,Solution,12700.0,70700.0,18.0,113,2025-05-18,Q4 FY26,No,Outbound
OPP-01148,AE-021,Enterprise,AMER - East,AI Agents,Solution,739700.0,4342600.0,17.0,139,2026-01-10,Q1 FY26,No,Outbound
OPP-01149,AE-015,Strategic,AMER - East,Data Cloud,Solution,2628400.0,9663700.0,27.2,34,2025-05-27,Q4 FY25,Yes,Outbound
OPP-01150,AE-017,Strategic,AMER - East,Service Cloud,Discovery,2153000.0,8581600.0,25.1,169,2025-11-05,Q4 FY25,No,Renewal
OPP-01151,AE-043,Enterprise,AMER - Central,Service Cloud,Negotiation,279000.0,1463000.0,19.1,149,2025-02-05,Q3 FY26,No,Outbound
OPP-01152,AE-011,Mid-Market,AMER - East,Platform,Closed Lost,52100.0,245700.0,21.2,83,2025-01-12,Q1 FY25,No,Partner
OPP-01153,AE-014,Mid-Market,EMEA,Platform,Proposal,172500.0,800000.0,21.6,160,2025-09-27,Q3 FY26,Yes,Partner
OPP-01154,AE-052,Enterprise,AMER - Central,Platform,Solution,735500.0,3670000.0,20.0,141,2026-04-13,Q1 FY26,No,Partner
OPP-01155,AE-009,Enterprise,APAC,Sales Cloud,Prospect,419300.0,2302100.0,18.2,59,2026-04-14,Q1 FY25,Yes,Partner
OPP-01156,AE-006,Mid-Market,APAC,Data Cloud,Closed Won,96100.0,524700.0,18.3,47,2026-02-12,Q3 FY26,No,Renewal
OPP-01157,AE-047,Mid-Market,AMER - East,AI Agents,Prospect,152100.0,730500.0,20.8,91,2026-06-23,Q1 FY25,Yes,Renewal
OPP-01158,AE-034,SMB,LATAM,Service Cloud,Closed Won,24500.0,80900.0,30.3,96,2025-06-12,Q4 FY25,Yes,Renewal
OPP-01159,AE-040,Mid-Market,APAC,Platform,Closed Won,162700.0,512000.0,31.8,52,2025-10-13,Q3 FY25,No,Marketing
OPP-01160,AE-030,Enterprise,EMEA,Marketing Cloud,Solution,513000.0,1539500.0,33.3,35,2025-11-04,Q3 FY26,Yes,Renewal
OPP-01161,AE-049,Enterprise,AMER - West,Platform,Discovery,640100.0,2843800.0,22.5,36,2025-05-28,Q2 FY25,Yes,Inbound
OPP-01162,AE-013,Strategic,APAC,Service Cloud,Negotiation,2221400.0,8172300.0,27.2,90,2025-03-14,Q3 FY26,No,Inbound
OPP-01163,AE-029,Strategic,AMER - East,Service Cloud,Prospect,2427200.0,12819900.0,18.9,173,2025-10-10,Q3 FY25,Yes,Outbound
OPP-01164,AE-043,Enterprise,AMER - East,Platform,Proposal,663000.0,3065600.0,21.6,77,2025-05-08,Q4 FY26,No,Inbound
OPP-01165,AE-003,SMB,AMER - Central,Platform,Closed Won,40200.0,196200.0,20.5,66,2025-04-26,Q2 FY26,No,Inbound
OPP-01166,AE-047,Strategic,AMER - West,Data Cloud,Negotiation,1294200.0,4819400.0,26.9,154,2026-01-07,Q2 FY25,No,Marketing
OPP-01167,AE-047,Strategic,LATAM,Marketing Cloud,Solution,2203700.0,8785000.0,25.1,65,2026-06-05,Q1 FY26,No,Partner
OPP-01168,AE-038,Enterprise,AMER - East,Platform,Prospect,260700.0,1302700.0,20.0,57,2026-03-21,Q4 FY26,Yes,Marketing
OPP-01169,AE-039,Strategic,AMER - West,Sales Cloud,Proposal,2714900.0,12833000.0,21.2,152,2025-04-11,Q3 FY26,Yes,Inbound
OPP-01170,AE-046,Enterprise,EMEA,AI Agents,Proposal,625600.0,3091300.0,20.2,11,2025-12-22,Q3 FY26,No,Marketing
OPP-01171,AE-059,SMB,LATAM,Sales Cloud,Closed Lost,42500.0,130600.0,32.5,56,2025-07-05,Q3 FY26,No,Outbound
OPP-01172,AE-023,Enterprise,AMER - Central,AI Agents,Closed Lost,681100.0,4032600.0,16.9,89,2025-12-27,Q4 FY26,Yes,Marketing
OPP-01173,AE-014,SMB,AMER - East,Data Cloud,Discovery,38000.0,198400.0,19.1,141,2025-11-26,Q1 FY26,No,Inbound
OPP-01174,AE-054,Strategic,AMER - Central,Marketing Cloud,Closed Won,1534300.0,7546200.0,20.3,26,2025-04-03,Q4 FY25,No,Marketing
OPP-01175,AE-022,Mid-Market,AMER - Central,Platform,Negotiation,80300.0,472000.0,17.0,93,2025-06-13,Q4 FY26,No,Outbound
OPP-01176,AE-035,Mid-Market,APAC,Service Cloud,Proposal,186300.0,669900.0,27.8,102,2025-03-19,Q1 FY26,Yes,Renewal
OPP-01177,AE-023,Strategic,APAC,Platform,Closed Won,1120700.0,3710500.0,30.2,35,2026-01-30,Q2 FY26,No,Partner
OPP-01178,AE-036,SMB,AMER - East,Service Cloud,Discovery,19000.0,58500.0,32.5,171,2025-10-08,Q1 FY25,Yes,Inbound
OPP-01179,AE-001,Mid-Market,AMER - East,Marketing Cloud,Closed Won,116100.0,647000.0,17.9,63,2025-01-22,Q4 FY25,No,Marketing
OPP-01180,AE-012,Strategic,EMEA,Data Cloud,Proposal,2996400.0,14627700.0,20.5,149,2026-02-14,Q4 FY25,No,Marketing
OPP-01181,AE-024,Enterprise,EMEA,Marketing Cloud,Negotiation,789100.0,3646500.0,21.6,61,2025-11-24,Q1 FY26,Yes,Inbound
OPP-01182,AE-038,Enterprise,APAC,Service Cloud,Closed Won,791800.0,4058000.0,19.5,25,2026-06-04,Q4 FY25,No,Outbound
OPP-01183,AE-018,Mid-Market,EMEA,Data Cloud,Negotiation,157600.0,765400.0,20.6,14,2026-04-17,Q4 FY25,No,Marketing
OPP-01184,AE-042,SMB,APAC,Sales Cloud,Closed Lost,16900.0,94700.0,17.8,89,2026-05-04,Q4 FY26,Yes,Partner
OPP-01185,AE-002,SMB,LATAM,AI Agents,Closed Lost,21000.0,90100.0,23.3,154,2026-05-18,Q1 FY26,No,Inbound
OPP-01186,AE-015,Strategic,AMER - Central,Data Cloud,Discovery,1794600.0,6160300.0,29.1,131,2026-02-21,Q1 FY26,No,Renewal
OPP-01187,AE-049,Enterprise,LATAM,Marketing Cloud,Closed Won,782500.0,4165900.0,18.8,151,2025-05-03,Q1 FY25,Yes,Outbound
OPP-01188,AE-050,Strategic,APAC,Service Cloud,Negotiation,2411600.0,11933100.0,20.2,47,2025-01-31,Q4 FY25,No,Outbound
OPP-01189,AE-025,Enterprise,EMEA,AI Agents,Prospect,767700.0,4254400.0,18.0,122,2025-05-22,Q3 FY26,Yes,Partner
OPP-01190,AE-006,Enterprise,EMEA,Service Cloud,Prospect,458200.0,1650400.0,27.8,67,2026-02-16,Q1 FY26,No,Outbound
OPP-01191,AE-057,Enterprise,AMER - West,Data Cloud,Solution,256400.0,1294300.0,19.8,16,2025-03-02,Q1 FY26,Yes,Outbound
OPP-01192,AE-037,SMB,APAC,Marketing Cloud,Prospect,25400.0,90600.0,28.0,18,2025-06-26,Q1 FY25,No,Inbound
OPP-01193,AE-024,Mid-Market,APAC,Data Cloud,Closed Lost,64500.0,330200.0,19.5,46,2026-03-28,Q3 FY25,No,Inbound
OPP-01194,AE-057,Mid-Market,APAC,Sales Cloud,Closed Won,116800.0,388200.0,30.1,80,2025-10-26,Q1 FY25,No,Renewal
OPP-01195,AE-059,Mid-Market,APAC,Marketing Cloud,Closed Won,124600.0,666900.0,18.7,117,2026-02-03,Q3 FY25,No,Renewal
OPP-01196,AE-013,SMB,EMEA,Platform,Solution,24600.0,78100.0,31.5,11,2026-01-02,Q4 FY25,No,Marketing
OPP-01197,AE-037,SMB,APAC,Data Cloud,Closed Won,13600.0,62100.0,21.9,180,2026-06-29,Q2 FY26,No,Inbound
OPP-01198,AE-041,Enterprise,AMER - Central,Platform,Discovery,468700.0,1936300.0,24.2,104,2026-03-22,Q4 FY25,No,Marketing
OPP-01199,AE-032,SMB,AMER - Central,Marketing Cloud,Discovery,29400.0,134700.0,21.8,176,2025-02-26,Q3 FY26,Yes,Outbound
OPP-01200,AE-021,Enterprise,LATAM,AI Agents,Closed Won,648700.0,2000500.0,32.4,13,2026-07-02,Q3 FY25,No,Marketing
